{
  "val_acc_mean": 0.5152542372881357,
  "val_acc_std": 0.06073380632938615,
  "test_acc_mean": 0.4378378378378379,
  "test_acc_std": 0.06922296472900377,
  "val_precision_mean": 0.25193234812609466,
  "val_precision_std": 0.08722278711256905,
  "test_precision_mean": 0.1576571379192347,
  "test_precision_std": 0.053847230766222165,
  "val_recall_mean": 0.26272555688039556,
  "val_recall_std": 0.03648765285408224,
  "test_recall_mean": 0.22666094852859558,
  "test_recall_std": 0.03369464452127165,
  "val_f1_mean": 0.21516054888764438,
  "val_f1_std": 0.039093424163120526,
  "test_f1_mean": 0.16895924335338844,
  "test_f1_std": 0.04579570023225594,
  "all_params": {
    "seed": 12345,
    "model_type": "GCN",
    "num_layers": 8,
    "hidden_dim": 64,
    "heads": 8,
    "dataset": "Cornell",
    "use_labels": false,
    "label_rate": 0.5,
    "num_splits": 1,
    "dropout": 0.5,
    "optimizer": "adam",
    "lr": 0.01,
    "decay": 0.0005,
    "epoch": 1000,
    "time": 1.0,
    "rewiring": null,
    "not_lcc": false,
    "split_id": null
  }
}