{
  "val_acc_mean": 0.49491525423728816,
  "val_acc_std": 0.08050401414940961,
  "test_acc_mean": 0.4513513513513513,
  "test_acc_std": 0.06401469882338923,
  "val_precision_mean": 0.18093787044611132,
  "val_precision_std": 0.0839498593093084,
  "test_precision_mean": 0.13078436358436357,
  "test_precision_std": 0.05900293467988251,
  "val_recall_mean": 0.2451908091908092,
  "val_recall_std": 0.04710925946114308,
  "test_recall_mean": 0.2356834554334554,
  "test_recall_std": 0.047915095988822744,
  "val_f1_mean": 0.1841965394891946,
  "val_f1_std": 0.05850852796115858,
  "test_f1_mean": 0.16270892611116194,
  "test_f1_std": 0.056332657425083366,
  "all_params": {
    "seed": 12345,
    "model_type": "GCN",
    "num_layers": 64,
    "hidden_dim": 64,
    "heads": 8,
    "dataset": "Cornell",
    "use_labels": false,
    "label_rate": 0.5,
    "num_splits": 1,
    "dropout": 0.5,
    "optimizer": "adam",
    "lr": 0.01,
    "decay": 0.0005,
    "epoch": 1000,
    "time": 1.0,
    "rewiring": null,
    "not_lcc": false,
    "split_id": null
  }
}