{
  "val_acc_mean": 0.4898305084745763,
  "val_acc_std": 0.07006788680879454,
  "test_acc_mean": 0.44054054054054054,
  "test_acc_std": 0.06948627098476995,
  "val_precision_mean": 0.18756442688970226,
  "val_precision_std": 0.09381333236343325,
  "test_precision_mean": 0.10836756756756757,
  "test_precision_std": 0.05037434620216759,
  "val_recall_mean": 0.23000166500166502,
  "val_recall_std": 0.03532280703586808,
  "test_recall_mean": 0.222989010989011,
  "test_recall_std": 0.04603356383024427,
  "val_f1_mean": 0.16782467980374693,
  "val_f1_std": 0.0446547005865514,
  "test_f1_mean": 0.14406394913833434,
  "test_f1_std": 0.05267182980412789,
  "all_params": {
    "seed": 12345,
    "model_type": "GCN",
    "num_layers": 128,
    "hidden_dim": 64,
    "heads": 8,
    "dataset": "Cornell",
    "use_labels": false,
    "label_rate": 0.5,
    "num_splits": 1,
    "dropout": 0.5,
    "optimizer": "adam",
    "lr": 0.01,
    "decay": 0.0005,
    "epoch": 1000,
    "time": 1.0,
    "rewiring": null,
    "not_lcc": false,
    "split_id": null
  }
}