{
  "val_acc_mean": 0.5457627118644067,
  "val_acc_std": 0.061951413161007,
  "test_acc_mean": 0.4243243243243243,
  "test_acc_std": 0.05412157944459672,
  "val_precision_mean": 0.4266474701714399,
  "val_precision_std": 0.09492480135173598,
  "test_precision_mean": 0.2950895986650462,
  "test_precision_std": 0.10247953256980838,
  "val_recall_mean": 0.3897752305042627,
  "val_recall_std": 0.04611839256423227,
  "test_recall_mean": 0.2799006597977186,
  "test_recall_std": 0.05367991193734269,
  "val_f1_mean": 0.38733419166315153,
  "val_f1_std": 0.05852129215035241,
  "test_f1_mean": 0.2604082232658192,
  "test_f1_std": 0.06120656583555459,
  "all_params": {
    "seed": 12345,
    "model_type": "GCN",
    "num_layers": 2,
    "hidden_dim": 64,
    "heads": 8,
    "dataset": "Cornell",
    "use_labels": false,
    "label_rate": 0.5,
    "num_splits": 1,
    "dropout": 0.5,
    "optimizer": "adam",
    "lr": 0.01,
    "decay": 0.0005,
    "epoch": 1000,
    "time": 1.0,
    "rewiring": null,
    "not_lcc": false,
    "split_id": null
  }
}