{
  "val_acc_mean": 0.488135593220339,
  "val_acc_std": 0.072228053398856,
  "test_acc_mean": 0.4351351351351351,
  "test_acc_std": 0.055979230208670204,
  "val_precision_mean": 0.19848833890935869,
  "val_precision_std": 0.09826254321841882,
  "test_precision_mean": 0.1062827190827191,
  "test_precision_std": 0.04521620867996613,
  "val_recall_mean": 0.22690642690642693,
  "val_recall_std": 0.03214428754434309,
  "test_recall_mean": 0.214989010989011,
  "test_recall_std": 0.03380699890166752,
  "val_f1_mean": 0.16763701206010195,
  "val_f1_std": 0.045162054135736124,
  "test_f1_mean": 0.13795912733539933,
  "test_f1_std": 0.03947835773307299,
  "all_params": {
    "seed": 12345,
    "model_type": "GCN",
    "num_layers": 32,
    "hidden_dim": 64,
    "heads": 8,
    "dataset": "Cornell",
    "use_labels": false,
    "label_rate": 0.5,
    "num_splits": 1,
    "dropout": 0.5,
    "optimizer": "adam",
    "lr": 0.01,
    "decay": 0.0005,
    "epoch": 1000,
    "time": 1.0,
    "rewiring": null,
    "not_lcc": false,
    "split_id": null
  }
}