{
  "val_acc_mean": 0.4915254237288136,
  "val_acc_std": 0.07655315112295738,
  "test_acc_mean": 0.4243243243243243,
  "test_acc_std": 0.05675675675675675,
  "val_precision_mean": 0.16759865872975796,
  "val_precision_std": 0.08661044606435127,
  "test_precision_mean": 0.1045843100548983,
  "test_precision_std": 0.03078373824376237,
  "val_recall_mean": 0.23931401931401936,
  "val_recall_std": 0.059088193513538174,
  "test_recall_mean": 0.20690686274509806,
  "test_recall_std": 0.021410925812231252,
  "val_f1_mean": 0.16955523630855646,
  "val_f1_std": 0.05233395589909865,
  "test_f1_mean": 0.13291020269352535,
  "test_f1_std": 0.026413357626873905,
  "all_params": {
    "seed": 12345,
    "model_type": "GCN",
    "num_layers": 16,
    "hidden_dim": 64,
    "heads": 8,
    "dataset": "Cornell",
    "use_labels": false,
    "label_rate": 0.5,
    "num_splits": 1,
    "dropout": 0.5,
    "optimizer": "adam",
    "lr": 0.001,
    "decay": 0.0005,
    "epoch": 1000,
    "time": 1.0,
    "rewiring": null,
    "not_lcc": false,
    "split_id": null
  }
}