{
  "val_acc_mean": 0.5152542372881357,
  "val_acc_std": 0.054764387869164426,
  "test_acc_mean": 0.4216216216216216,
  "test_acc_std": 0.034611482364501886,
  "val_precision_mean": 0.32806059380206676,
  "val_precision_std": 0.1517994224435692,
  "test_precision_mean": 0.21066721797699026,
  "test_precision_std": 0.07683826022736477,
  "val_recall_mean": 0.32038962148962147,
  "val_recall_std": 0.09366676302797554,
  "test_recall_mean": 0.2480337848426084,
  "test_recall_std": 0.04932700878679122,
  "val_f1_mean": 0.2921883973483447,
  "val_f1_std": 0.11215156488917286,
  "test_f1_mean": 0.2038114961722643,
  "test_f1_std": 0.053590579005820704,
  "all_params": {
    "seed": 12345,
    "model_type": "GCN",
    "num_layers": 4,
    "hidden_dim": 64,
    "heads": 8,
    "dataset": "Cornell",
    "use_labels": false,
    "label_rate": 0.5,
    "num_splits": 1,
    "dropout": 0.5,
    "optimizer": "adam",
    "lr": 0.005,
    "decay": 0.0005,
    "epoch": 1000,
    "time": 1.0,
    "rewiring": null,
    "not_lcc": false,
    "split_id": null
  }
}