{
  "val_acc_mean": 0.51,
  "val_acc_std": 0.045689167206242665,
  "test_acc_mean": 0.484313725490196,
  "test_acc_std": 0.06326378747020267,
  "val_precision_mean": 0.19923913869419593,
  "val_precision_std": 0.07913296937140703,
  "test_precision_mean": 0.2200523979288685,
  "test_precision_std": 0.1052919854658645,
  "val_recall_mean": 0.23781243878895508,
  "val_recall_std": 0.03607144325361336,
  "test_recall_mean": 0.22170271294727817,
  "test_recall_std": 0.030236143165777746,
  "val_f1_mean": 0.19277154535828062,
  "val_f1_std": 0.04902743489259256,
  "test_f1_mean": 0.18002126735914806,
  "test_f1_std": 0.04848897648666403,
  "all_params": {
    "seed": 12345,
    "model_type": "GAT",
    "num_layers": 64,
    "hidden_dim": 64,
    "heads": 8,
    "dataset": "Wisconsin",
    "use_labels": false,
    "label_rate": 0.5,
    "num_splits": 1,
    "dropout": 0.5,
    "optimizer": "adam",
    "lr": 0.001,
    "decay": 0.0005,
    "epoch": 1000,
    "time": 1.0,
    "rewiring": null,
    "not_lcc": false,
    "split_id": null
  }
}