{
  "val_acc_mean": 0.49749999999999994,
  "val_acc_std": 0.04703721930556696,
  "test_acc_mean": 0.4509803921568628,
  "test_acc_std": 0.05476172566183897,
  "val_precision_mean": 0.24626896488002786,
  "val_precision_std": 0.06690804133741064,
  "test_precision_mean": 0.15850380453247123,
  "test_precision_std": 0.08291152941258371,
  "val_recall_mean": 0.23771449644522885,
  "val_recall_std": 0.013801712142464171,
  "test_recall_mean": 0.21091240824392998,
  "test_recall_std": 0.03392174640154261,
  "val_f1_mean": 0.19668143873859262,
  "val_f1_std": 0.024027943799739958,
  "test_f1_mean": 0.1568936982179575,
  "test_f1_std": 0.04115932203163992,
  "all_params": {
    "seed": 12345,
    "model_type": "GAT",
    "num_layers": 16,
    "hidden_dim": 64,
    "heads": 8,
    "dataset": "Wisconsin",
    "use_labels": false,
    "label_rate": 0.5,
    "num_splits": 1,
    "dropout": 0.5,
    "optimizer": "adam",
    "lr": 0.01,
    "decay": 0.0005,
    "epoch": 1000,
    "time": 1.0,
    "rewiring": null,
    "not_lcc": false,
    "split_id": null
  }
}