{
  "val_acc_mean": 0.49750000000000005,
  "val_acc_std": 0.03344772040064913,
  "test_acc_mean": 0.4647058823529412,
  "test_acc_std": 0.05753490490635767,
  "val_precision_mean": 0.240820591475062,
  "val_precision_std": 0.07864399257588038,
  "test_precision_mean": 0.13940568516570634,
  "test_precision_std": 0.05253070157077814,
  "val_recall_mean": 0.25180462383022845,
  "val_recall_std": 0.025907537547726855,
  "test_recall_mean": 0.21542226955813915,
  "test_recall_std": 0.03177377589734085,
  "val_f1_mean": 0.20934918280436654,
  "val_f1_std": 0.0337725869597361,
  "test_f1_mean": 0.16176380669228857,
  "test_f1_std": 0.04542305488207883,
  "all_params": {
    "seed": 12345,
    "model_type": "GAT",
    "num_layers": 8,
    "hidden_dim": 64,
    "heads": 8,
    "dataset": "Wisconsin",
    "use_labels": false,
    "label_rate": 0.5,
    "num_splits": 1,
    "dropout": 0.5,
    "optimizer": "adam",
    "lr": 0.005,
    "decay": 0.0005,
    "epoch": 1000,
    "time": 1.0,
    "rewiring": null,
    "not_lcc": false,
    "split_id": null
  }
}