{
  "val_acc_mean": 0.58,
  "val_acc_std": 0.03674234614174768,
  "test_acc_mean": 0.5176470588235293,
  "test_acc_std": 0.05960268295517908,
  "val_precision_mean": 0.3587839425107294,
  "val_precision_std": 0.11264542315416522,
  "test_precision_mean": 0.2697893511075,
  "test_precision_std": 0.08153075148181489,
  "val_recall_mean": 0.33672141359726193,
  "val_recall_std": 0.05735820285933833,
  "test_recall_mean": 0.2765698716064849,
  "test_recall_std": 0.05000060209830881,
  "val_f1_mean": 0.31823715404421743,
  "val_f1_std": 0.07014700459586648,
  "test_f1_mean": 0.2587533758430344,
  "test_f1_std": 0.05820761434516497,
  "all_params": {
    "seed": 12345,
    "model_type": "GAT",
    "num_layers": 4,
    "hidden_dim": 64,
    "heads": 8,
    "dataset": "Wisconsin",
    "use_labels": false,
    "label_rate": 0.5,
    "num_splits": 1,
    "dropout": 0.5,
    "optimizer": "adam",
    "lr": 0.005,
    "decay": 0.0005,
    "epoch": 1000,
    "time": 1.0,
    "rewiring": null,
    "not_lcc": false,
    "split_id": null
  }
}