{
  "val_acc_mean": 0.5,
  "val_acc_std": 0.029047375096555625,
  "test_acc_mean": 0.4901960784313726,
  "test_acc_std": 0.07492146342957962,
  "val_precision_mean": 0.21222296107778113,
  "val_precision_std": 0.0849080286602908,
  "test_precision_mean": 0.17295821985191168,
  "test_precision_std": 0.07246005503785016,
  "val_recall_mean": 0.23835004347943492,
  "val_recall_std": 0.031451148610374735,
  "test_recall_mean": 0.22614785177742847,
  "test_recall_std": 0.0366067902483927,
  "val_f1_mean": 0.19740250220522057,
  "val_f1_std": 0.05068703639981409,
  "test_f1_mean": 0.17843102082897183,
  "test_f1_std": 0.056699139355577584,
  "all_params": {
    "seed": 12345,
    "model_type": "GAT",
    "num_layers": 32,
    "hidden_dim": 64,
    "heads": 8,
    "dataset": "Wisconsin",
    "use_labels": false,
    "label_rate": 0.5,
    "num_splits": 1,
    "dropout": 0.5,
    "optimizer": "adam",
    "lr": 0.001,
    "decay": 0.0005,
    "epoch": 1000,
    "time": 1.0,
    "rewiring": null,
    "not_lcc": false,
    "split_id": null
  }
}