{
  "val_acc_mean": 0.5737500000000001,
  "val_acc_std": 0.03281101187101673,
  "test_acc_mean": 0.5392156862745099,
  "test_acc_std": 0.07191027772898922,
  "val_precision_mean": 0.39370734847668043,
  "val_precision_std": 0.15832636879381876,
  "test_precision_mean": 0.30864598552225325,
  "test_precision_std": 0.11122485595089009,
  "val_recall_mean": 0.3613079811247092,
  "val_recall_std": 0.08901702782702203,
  "test_recall_mean": 0.34834778325539195,
  "test_recall_std": 0.07388670034820305,
  "val_f1_mean": 0.35165530918831917,
  "val_f1_std": 0.11018094140188583,
  "test_f1_mean": 0.3059050519863519,
  "test_f1_std": 0.08601557526836248,
  "all_params": {
    "seed": 12345,
    "model_type": "GAT",
    "num_layers": 2,
    "hidden_dim": 64,
    "heads": 8,
    "dataset": "Wisconsin",
    "use_labels": false,
    "label_rate": 0.5,
    "num_splits": 1,
    "dropout": 0.5,
    "optimizer": "adam",
    "lr": 0.01,
    "decay": 0.0005,
    "epoch": 1000,
    "time": 1.0,
    "rewiring": null,
    "not_lcc": false,
    "split_id": null
  }
}