{
  "val_acc_mean": 0.7521187606740097,
  "val_acc_std": 0.012835550456870359,
  "test_acc_mean": 0.7378810414187772,
  "test_acc_std": 0.014819600035067878,
  "val_precision_mean": 0.7249049998288346,
  "val_precision_std": 0.016836574545568188,
  "test_precision_mean": 0.7040026127808512,
  "test_precision_std": 0.015697048594345165,
  "val_recall_mean": 0.7036986548784303,
  "val_recall_std": 0.012765997964715555,
  "test_recall_mean": 0.6852831441414156,
  "test_recall_std": 0.01604403254779966,
  "val_f1_mean": 0.7051790528771893,
  "val_f1_std": 0.014578465398688588,
  "test_f1_mean": 0.6840708984517861,
  "test_f1_std": 0.015985191983697876,
  "all_params": {
    "seed": 12345,
    "model_type": "GAT",
    "num_layers": 8,
    "hidden_dim": 64,
    "heads": 8,
    "dataset": "Citeseer",
    "use_labels": false,
    "label_rate": 0.5,
    "num_splits": 1,
    "dropout": 0.5,
    "optimizer": "adam",
    "lr": 0.001,
    "decay": 0.0005,
    "epoch": 1000,
    "time": 1.0,
    "rewiring": null,
    "not_lcc": false,
    "split_id": null
  }
}