{
  "val_acc_mean": 0.7679577119071819,
  "val_acc_std": 0.011699306025884688,
  "test_acc_mean": 0.7552113434188907,
  "test_acc_std": 0.015257395065647055,
  "val_precision_mean": 0.748589179977196,
  "val_precision_std": 0.016417819988682816,
  "test_precision_mean": 0.7284806941097948,
  "test_precision_std": 0.02137933783110301,
  "val_recall_mean": 0.7220880995959733,
  "val_recall_std": 0.01367525189304372,
  "test_recall_mean": 0.7026901893912094,
  "test_recall_std": 0.016366057718934103,
  "val_f1_mean": 0.7265575944763939,
  "val_f1_std": 0.01504261319057869,
  "test_f1_mean": 0.7038844297318286,
  "test_f1_std": 0.017815172984818998,
  "all_params": {
    "seed": 12345,
    "model_type": "GAT",
    "num_layers": 2,
    "hidden_dim": 64,
    "heads": 8,
    "dataset": "Citeseer",
    "use_labels": false,
    "label_rate": 0.5,
    "num_splits": 1,
    "dropout": 0.5,
    "optimizer": "adam",
    "lr": 0.001,
    "decay": 0.0005,
    "epoch": 1000,
    "time": 1.0,
    "rewiring": null,
    "not_lcc": false,
    "split_id": null
  }
}