{
  "val_acc_mean": 0.7581262143306574,
  "val_acc_std": 0.013354654038871538,
  "test_acc_mean": 0.7508576973199615,
  "test_acc_std": 0.01572180551155883,
  "val_precision_mean": 0.7334293651405152,
  "val_precision_std": 0.0206811604461324,
  "test_precision_mean": 0.7238893734901637,
  "test_precision_std": 0.019666623627345746,
  "val_recall_mean": 0.7190572643273108,
  "val_recall_std": 0.013829583686559857,
  "test_recall_mean": 0.705898711686697,
  "test_recall_std": 0.020553967841066008,
  "val_f1_mean": 0.7200592426984896,
  "val_f1_std": 0.014325776029046814,
  "test_f1_mean": 0.7067771817773854,
  "test_f1_std": 0.021381635371535625,
  "all_params": {
    "seed": 12345,
    "model_type": "GAT",
    "num_layers": 4,
    "hidden_dim": 64,
    "heads": 8,
    "dataset": "Citeseer",
    "use_labels": false,
    "label_rate": 0.5,
    "num_splits": 1,
    "dropout": 0.5,
    "optimizer": "adam",
    "lr": 0.001,
    "decay": 0.0005,
    "epoch": 1000,
    "time": 1.0,
    "rewiring": null,
    "not_lcc": false,
    "split_id": null
  }
}