{
  "val_acc_mean": 0.7341073243585223,
  "val_acc_std": 0.017721788936706524,
  "test_acc_mean": 0.7135361776871211,
  "test_acc_std": 0.015242184708188911,
  "val_precision_mean": 0.7020601865646541,
  "val_precision_std": 0.020133989779480055,
  "test_precision_mean": 0.6779816090455472,
  "test_precision_std": 0.0171958573972251,
  "val_recall_mean": 0.6869852807069612,
  "val_recall_std": 0.015182943773372416,
  "test_recall_mean": 0.6649900444710707,
  "test_recall_std": 0.009332647104276042,
  "val_f1_mean": 0.6872558527304629,
  "val_f1_std": 0.016639250100280722,
  "test_f1_mean": 0.6646597120237682,
  "test_f1_std": 0.01107457974263416,
  "all_params": {
    "seed": 12345,
    "model_type": "GAT",
    "num_layers": 16,
    "hidden_dim": 64,
    "heads": 8,
    "dataset": "Citeseer",
    "use_labels": false,
    "label_rate": 0.5,
    "num_splits": 1,
    "dropout": 0.5,
    "optimizer": "adam",
    "lr": 0.001,
    "decay": 0.0005,
    "epoch": 1000,
    "time": 1.0,
    "rewiring": null,
    "not_lcc": false,
    "split_id": null
  }
}