{
  "val_acc_mean": 0.2815052514399109,
  "val_acc_std": 0.040014280955289847,
  "test_acc_mean": 0.2867017961357584,
  "test_acc_std": 0.057012805934909205,
  "val_precision_mean": 0.13984491795445592,
  "val_precision_std": 0.07808236412711375,
  "test_precision_mean": 0.12117650189319948,
  "test_precision_std": 0.04599855349744692,
  "val_recall_mean": 0.24102390848991298,
  "val_recall_std": 0.04420955262638696,
  "test_recall_mean": 0.24123755649534342,
  "test_recall_std": 0.04712388030849428,
  "val_f1_mean": 0.13676456077113838,
  "val_f1_std": 0.03565100558452451,
  "test_f1_mean": 0.13727946395113705,
  "test_f1_std": 0.03823678122723518,
  "all_params": {
    "seed": 12345,
    "model_type": "GAT",
    "num_layers": 32,
    "hidden_dim": 64,
    "heads": 8,
    "dataset": "Citeseer",
    "use_labels": false,
    "label_rate": 0.5,
    "num_splits": 1,
    "dropout": 0.5,
    "optimizer": "adam",
    "lr": 0.001,
    "decay": 0.0005,
    "epoch": 1000,
    "time": 1.0,
    "rewiring": null,
    "not_lcc": false,
    "split_id": null
  }
}