{
  "val_acc_mean": 0.32625628140703516,
  "val_acc_std": 0.03525229495921389,
  "test_acc_mean": 0.31368209255533197,
  "test_acc_std": 0.029219420918658593,
  "val_precision_mean": 0.14120566108892368,
  "val_precision_std": 0.053978595904983565,
  "test_precision_mean": 0.12382058051096292,
  "test_precision_std": 0.057787862422147805,
  "val_recall_mean": 0.19952341445368363,
  "val_recall_std": 0.04130201358773454,
  "test_recall_mean": 0.1907246851244783,
  "test_recall_std": 0.036425367126098014,
  "val_f1_mean": 0.1439673794043272,
  "val_f1_std": 0.057007033196940005,
  "test_f1_mean": 0.13539647977109798,
  "test_f1_std": 0.0527900093905291,
  "all_params": {
    "seed": 12345,
    "model_type": "GCN",
    "num_layers": 32,
    "hidden_dim": 64,
    "heads": 8,
    "dataset": "Cora",
    "use_labels": false,
    "label_rate": 0.5,
    "num_splits": 1,
    "dropout": 0.5,
    "optimizer": "adam",
    "lr": 0.001,
    "decay": 0.0005,
    "epoch": 1000,
    "time": 1.0,
    "rewiring": null,
    "not_lcc": false,
    "split_id": null
  }
}