{
  "val_acc_mean": 0.5953517587939697,
  "val_acc_std": 0.23009125786255794,
  "test_acc_mean": 0.583702213279678,
  "test_acc_std": 0.2301364965041961,
  "val_precision_mean": 0.5275096638575053,
  "val_precision_std": 0.27807311504701127,
  "test_precision_mean": 0.4878001351918854,
  "test_precision_std": 0.3069482968309892,
  "val_recall_mean": 0.5305439742104118,
  "val_recall_std": 0.27890405242776195,
  "test_recall_mean": 0.5178805945015595,
  "test_recall_std": 0.2799733537935425,
  "val_f1_mean": 0.5021091916599176,
  "val_f1_std": 0.3001804249238877,
  "test_f1_mean": 0.4909008833259162,
  "test_f1_std": 0.3012940023085579,
  "all_params": {
    "seed": 12345,
    "model_type": "GCN",
    "num_layers": 16,
    "hidden_dim": 64,
    "heads": 8,
    "dataset": "Cora",
    "use_labels": false,
    "label_rate": 0.5,
    "num_splits": 1,
    "dropout": 0.5,
    "optimizer": "adam",
    "lr": 0.005,
    "decay": 0.0005,
    "epoch": 1000,
    "time": 1.0,
    "rewiring": null,
    "not_lcc": false,
    "split_id": null
  }
}