{
  "val_acc_mean": 0.8737437185929648,
  "val_acc_std": 0.00797021202289542,
  "test_acc_mean": 0.8625754527162977,
  "test_acc_std": 0.008955417740148042,
  "val_precision_mean": 0.8631096582386668,
  "val_precision_std": 0.013565354153051504,
  "test_precision_mean": 0.8531283682962438,
  "test_precision_std": 0.013794701819757884,
  "val_recall_mean": 0.859698746407917,
  "val_recall_std": 0.011197880421337566,
  "test_recall_mean": 0.8525402171500545,
  "test_recall_std": 0.02306776596969962,
  "val_f1_mean": 0.8600080024453938,
  "val_f1_std": 0.010488122588163276,
  "test_f1_mean": 0.8497647012323544,
  "test_f1_std": 0.016875640664693083,
  "all_params": {
    "seed": 12345,
    "model_type": "GCN",
    "num_layers": 4,
    "hidden_dim": 64,
    "heads": 8,
    "dataset": "Cora",
    "use_labels": false,
    "label_rate": 0.5,
    "num_splits": 1,
    "dropout": 0.5,
    "optimizer": "adam",
    "lr": 0.005,
    "decay": 0.0005,
    "epoch": 1000,
    "time": 1.0,
    "rewiring": null,
    "not_lcc": false,
    "split_id": null
  }
}