{
  "val_acc_mean": 0.36256281407035174,
  "val_acc_std": 0.02063669266168951,
  "test_acc_mean": 0.34547283702213283,
  "test_acc_std": 0.03455906468029283,
  "val_precision_mean": 0.22869715859986192,
  "val_precision_std": 0.06289433853125585,
  "test_precision_mean": 0.19785029733110443,
  "test_precision_std": 0.040221863061370926,
  "val_recall_mean": 0.23926014148575075,
  "val_recall_std": 0.03060747005831214,
  "test_recall_mean": 0.23065365785335096,
  "test_recall_std": 0.03399867467824063,
  "val_f1_mean": 0.19055340313226404,
  "val_f1_std": 0.029693265993778375,
  "test_f1_mean": 0.1806495831866524,
  "test_f1_std": 0.03539900515179582,
  "all_params": {
    "seed": 12345,
    "model_type": "GCN",
    "num_layers": 128,
    "hidden_dim": 64,
    "heads": 8,
    "dataset": "Cora",
    "use_labels": false,
    "label_rate": 0.5,
    "num_splits": 1,
    "dropout": 0.5,
    "optimizer": "adam",
    "lr": 0.005,
    "decay": 0.0005,
    "epoch": 1000,
    "time": 1.0,
    "rewiring": null,
    "not_lcc": false,
    "split_id": null
  }
}