{
  "val_acc_mean": 0.35929648241206025,
  "val_acc_std": 0.021021608706886317,
  "test_acc_mean": 0.3422535211267606,
  "test_acc_std": 0.024219368633443348,
  "val_precision_mean": 0.22484277156539556,
  "val_precision_std": 0.049250066436008655,
  "test_precision_mean": 0.2094206923771103,
  "test_precision_std": 0.04778186118958058,
  "val_recall_mean": 0.22821862549095626,
  "val_recall_std": 0.031248832513517955,
  "test_recall_mean": 0.21830940657900952,
  "test_recall_std": 0.03114745559398957,
  "val_f1_mean": 0.18232020102002552,
  "val_f1_std": 0.026549288816159516,
  "test_f1_mean": 0.1706034950334064,
  "test_f1_std": 0.028898800848212048,
  "all_params": {
    "seed": 12345,
    "model_type": "GCN",
    "num_layers": 64,
    "hidden_dim": 64,
    "heads": 8,
    "dataset": "Cora",
    "use_labels": false,
    "label_rate": 0.5,
    "num_splits": 1,
    "dropout": 0.5,
    "optimizer": "adam",
    "lr": 0.01,
    "decay": 0.0005,
    "epoch": 1000,
    "time": 1.0,
    "rewiring": null,
    "not_lcc": false,
    "split_id": null
  }
}