{
  "val_acc_mean": 0.8827889447236181,
  "val_acc_std": 0.00848431859542867,
  "test_acc_mean": 0.8710261569416499,
  "test_acc_std": 0.008837099096980997,
  "val_precision_mean": 0.8721993669545972,
  "val_precision_std": 0.015178825324559657,
  "test_precision_mean": 0.8639181175108757,
  "test_precision_std": 0.012730064254024143,
  "val_recall_mean": 0.8683036838336335,
  "val_recall_std": 0.010699542849660237,
  "test_recall_mean": 0.8549794312898846,
  "test_recall_std": 0.015186996836078,
  "val_f1_mean": 0.8691360264381267,
  "val_f1_std": 0.011774287383144608,
  "test_f1_mean": 0.8573253098842205,
  "test_f1_std": 0.01304700694153321,
  "all_params": {
    "seed": 12345,
    "model_type": "GCN",
    "num_layers": 2,
    "hidden_dim": 64,
    "heads": 8,
    "dataset": "Cora",
    "use_labels": false,
    "label_rate": 0.5,
    "num_splits": 1,
    "dropout": 0.5,
    "optimizer": "adam",
    "lr": 0.01,
    "decay": 0.0005,
    "epoch": 1000,
    "time": 1.0,
    "rewiring": null,
    "not_lcc": false,
    "split_id": null
  }
}