{
  "val_acc_mean": 0.8600502512562814,
  "val_acc_std": 0.006839526426540803,
  "test_acc_mean": 0.842655935613682,
  "test_acc_std": 0.013370823119385224,
  "val_precision_mean": 0.8453538157155422,
  "val_precision_std": 0.009954025052351094,
  "test_precision_mean": 0.8282202596032506,
  "test_precision_std": 0.017751570237831412,
  "val_recall_mean": 0.8485985768672887,
  "val_recall_std": 0.011109590708067432,
  "test_recall_mean": 0.832997253878051,
  "test_recall_std": 0.016649005318808127,
  "val_f1_mean": 0.8454577660443097,
  "val_f1_std": 0.008976684881144533,
  "test_f1_mean": 0.8285449133149875,
  "test_f1_std": 0.01630339994016481,
  "all_params": {
    "seed": 12345,
    "model_type": "GCN",
    "num_layers": 8,
    "hidden_dim": 64,
    "heads": 8,
    "dataset": "Cora",
    "use_labels": false,
    "label_rate": 0.5,
    "num_splits": 1,
    "dropout": 0.5,
    "optimizer": "adam",
    "lr": 0.01,
    "decay": 0.0005,
    "epoch": 1000,
    "time": 1.0,
    "rewiring": null,
    "not_lcc": false,
    "split_id": null
  }
}