{
  "val_acc_mean": 0.5898305084745763,
  "val_acc_std": 0.062413398778040564,
  "test_acc_mean": 0.6,
  "test_acc_std": 0.04490066952928689,
  "val_precision_mean": 0.2659373358962286,
  "val_precision_std": 0.08507247974071841,
  "test_precision_mean": 0.2034665801209919,
  "test_precision_std": 0.07533667991202365,
  "val_recall_mean": 0.29387242437242433,
  "val_recall_std": 0.024554632789723252,
  "test_recall_mean": 0.2737378834933183,
  "test_recall_std": 0.05336327357458554,
  "val_f1_mean": 0.24676161324054718,
  "val_f1_std": 0.038698488932614385,
  "test_f1_mean": 0.22638102529856222,
  "test_f1_std": 0.06469138558469086,
  "all_params": {
    "seed": 12345,
    "model_type": "GCN",
    "num_layers": 8,
    "hidden_dim": 64,
    "heads": 8,
    "dataset": "Texas",
    "use_labels": false,
    "label_rate": 0.5,
    "num_splits": 1,
    "dropout": 0.5,
    "optimizer": "adam",
    "lr": 0.01,
    "decay": 0.0005,
    "epoch": 1000,
    "time": 1.0,
    "rewiring": null,
    "not_lcc": false,
    "split_id": null
  }
}