{
  "val_acc_mean": 0.554237288135593,
  "val_acc_std": 0.05362471871036058,
  "test_acc_mean": 0.5891891891891892,
  "test_acc_std": 0.043243243243243246,
  "val_precision_mean": 0.13313559322033894,
  "val_precision_std": 0.01811835867289619,
  "test_precision_mean": 0.14175675675675678,
  "test_precision_std": 0.017789143199658044,
  "val_recall_mean": 0.24,
  "val_recall_std": 0.019999999999999997,
  "test_recall_mean": 0.24,
  "test_recall_std": 0.019999999999999997,
  "val_f1_mean": 0.17088090003510964,
  "val_f1_std": 0.018772297775891962,
  "test_f1_mean": 0.1780281873259233,
  "test_f1_std": 0.019287684213005245,
  "all_params": {
    "seed": 12345,
    "model_type": "GCN",
    "num_layers": 64,
    "hidden_dim": 64,
    "heads": 8,
    "dataset": "Texas",
    "use_labels": false,
    "label_rate": 0.5,
    "num_splits": 1,
    "dropout": 0.5,
    "optimizer": "adam",
    "lr": 0.01,
    "decay": 0.0005,
    "epoch": 1000,
    "time": 1.0,
    "rewiring": null,
    "not_lcc": false,
    "split_id": null
  }
}