{
  "val_acc_mean": 0.5847457627118644,
  "val_acc_std": 0.06398164775653176,
  "test_acc_mean": 0.5918918918918921,
  "test_acc_std": 0.045945945945945935,
  "val_precision_mean": 0.2123509448055166,
  "val_precision_std": 0.08757812096585744,
  "test_precision_mean": 0.18640600960305656,
  "test_precision_std": 0.06763384694645447,
  "val_recall_mean": 0.2800911108007882,
  "val_recall_std": 0.03327701265182559,
  "test_recall_mean": 0.26372364953886696,
  "test_recall_std": 0.05304932375328392,
  "val_f1_mean": 0.22443280361226203,
  "val_f1_std": 0.05106161553314813,
  "test_f1_mean": 0.2142132033838499,
  "test_f1_std": 0.06195840518401734,
  "all_params": {
    "seed": 12345,
    "model_type": "GCN",
    "num_layers": 16,
    "hidden_dim": 64,
    "heads": 8,
    "dataset": "Texas",
    "use_labels": false,
    "label_rate": 0.5,
    "num_splits": 1,
    "dropout": 0.5,
    "optimizer": "adam",
    "lr": 0.001,
    "decay": 0.0005,
    "epoch": 1000,
    "time": 1.0,
    "rewiring": null,
    "not_lcc": false,
    "split_id": null
  }
}