{
  "val_acc_mean": 0.5677966101694916,
  "val_acc_std": 0.04626218326764807,
  "test_acc_mean": 0.5864864864864866,
  "test_acc_std": 0.04366349843622571,
  "val_precision_mean": 0.18403769379087426,
  "val_precision_std": 0.06237603505606771,
  "test_precision_mean": 0.18778359212939302,
  "test_precision_std": 0.09412753342637029,
  "val_recall_mean": 0.2650195813744201,
  "val_recall_std": 0.030898438302061838,
  "test_recall_mean": 0.2526664549218897,
  "test_recall_std": 0.034064764977376684,
  "val_f1_mean": 0.21019858286577398,
  "val_f1_std": 0.045181349941069475,
  "test_f1_mean": 0.20367923542524421,
  "test_f1_std": 0.05294888502561042,
  "all_params": {
    "seed": 12345,
    "model_type": "GCN",
    "num_layers": 2,
    "hidden_dim": 64,
    "heads": 8,
    "dataset": "Texas",
    "use_labels": false,
    "label_rate": 0.5,
    "num_splits": 1,
    "dropout": 0.5,
    "optimizer": "adam",
    "lr": 0.01,
    "decay": 0.0005,
    "epoch": 1000,
    "time": 1.0,
    "rewiring": null,
    "not_lcc": false,
    "split_id": null
  }
}