{
  "val_acc_mean": 0.5949152542372882,
  "val_acc_std": 0.03898305084745763,
  "test_acc_mean": 0.5621621621621622,
  "test_acc_std": 0.06372878985163023,
  "val_precision_mean": 0.30693227411540047,
  "val_precision_std": 0.08300561803093326,
  "test_precision_mean": 0.2214979061578326,
  "test_precision_std": 0.10104314039494472,
  "val_recall_mean": 0.30839022734261107,
  "val_recall_std": 0.03622168547714307,
  "test_recall_mean": 0.2593299062049062,
  "test_recall_std": 0.04617744123934668,
  "val_f1_mean": 0.2766436144588036,
  "val_f1_std": 0.0467170869452737,
  "test_f1_mean": 0.22117198347310646,
  "test_f1_std": 0.052159677163555615,
  "all_params": {
    "seed": 12345,
    "model_type": "GCN",
    "num_layers": 4,
    "hidden_dim": 64,
    "heads": 8,
    "dataset": "Texas",
    "use_labels": false,
    "label_rate": 0.5,
    "num_splits": 1,
    "dropout": 0.5,
    "optimizer": "adam",
    "lr": 0.01,
    "decay": 0.0005,
    "epoch": 1000,
    "time": 1.0,
    "rewiring": null,
    "not_lcc": false,
    "split_id": null
  }
}