{
  "val_acc_mean": 0.4548696844993142,
  "val_acc_std": 0.018589003694359316,
  "test_acc_mean": 0.4390350877192983,
  "test_acc_std": 0.027421928126913298,
  "val_precision_mean": 0.4538947150342928,
  "val_precision_std": 0.019365047684696355,
  "test_precision_mean": 0.4388402981475258,
  "test_precision_std": 0.027625425422243093,
  "val_recall_mean": 0.45138497731589766,
  "val_recall_std": 0.018393725419427197,
  "test_recall_mean": 0.44038067808025544,
  "test_recall_std": 0.02172170885188695,
  "val_f1_mean": 0.44374189510457596,
  "val_f1_std": 0.01804616373696469,
  "test_f1_mean": 0.4290071175733541,
  "test_f1_std": 0.02626449716421746,
  "all_params": {
    "seed": 12345,
    "model_type": "GAT",
    "num_layers": 2,
    "hidden_dim": 64,
    "heads": 8,
    "dataset": "Chameleon",
    "use_labels": false,
    "label_rate": 0.5,
    "num_splits": 1,
    "dropout": 0.5,
    "optimizer": "adam",
    "lr": 0.01,
    "decay": 0.0005,
    "epoch": 1000,
    "time": 1.0,
    "rewiring": null,
    "not_lcc": false,
    "split_id": null
  }
}