{
  "val_acc_mean": 0.33936899862825787,
  "val_acc_std": 0.02020888544384405,
  "test_acc_mean": 0.3142543859649123,
  "test_acc_std": 0.03006946021585905,
  "val_precision_mean": 0.320091771929624,
  "val_precision_std": 0.06456968307712434,
  "test_precision_mean": 0.2616117701687954,
  "test_precision_std": 0.07941976689819148,
  "val_recall_mean": 0.32129622933602964,
  "val_recall_std": 0.023615423812255433,
  "test_recall_mean": 0.3086252188816217,
  "test_recall_std": 0.028966962723139218,
  "val_f1_mean": 0.24071798571249597,
  "val_f1_std": 0.038440820079765896,
  "test_f1_mean": 0.2196627483421036,
  "test_f1_std": 0.04045336236709701,
  "all_params": {
    "seed": 12345,
    "model_type": "GAT",
    "num_layers": 8,
    "hidden_dim": 64,
    "heads": 8,
    "dataset": "Chameleon",
    "use_labels": false,
    "label_rate": 0.5,
    "num_splits": 1,
    "dropout": 0.5,
    "optimizer": "adam",
    "lr": 0.001,
    "decay": 0.0005,
    "epoch": 1000,
    "time": 1.0,
    "rewiring": null,
    "not_lcc": false,
    "split_id": null
  }
}