{
  "val_acc_mean": 0.4563786008230453,
  "val_acc_std": 0.024546519253444428,
  "test_acc_mean": 0.4407894736842105,
  "test_acc_std": 0.019243342954807285,
  "val_precision_mean": 0.47501583010013865,
  "val_precision_std": 0.01807519335169051,
  "test_precision_mean": 0.4637941646216694,
  "test_precision_std": 0.013150622832970192,
  "val_recall_mean": 0.45069927013715605,
  "val_recall_std": 0.022596839859750462,
  "test_recall_mean": 0.4454635267242747,
  "test_recall_std": 0.01600166449917428,
  "val_f1_mean": 0.44589404477631794,
  "val_f1_std": 0.023397622145015843,
  "test_f1_mean": 0.43479043512408166,
  "test_f1_std": 0.015990988208372494,
  "all_params": {
    "seed": 12345,
    "model_type": "GAT",
    "num_layers": 4,
    "hidden_dim": 64,
    "heads": 8,
    "dataset": "Chameleon",
    "use_labels": false,
    "label_rate": 0.5,
    "num_splits": 1,
    "dropout": 0.5,
    "optimizer": "adam",
    "lr": 0.001,
    "decay": 0.0005,
    "epoch": 1000,
    "time": 1.0,
    "rewiring": null,
    "not_lcc": false,
    "split_id": null
  }
}