{
  "val_acc_mean": 0.5779661016949154,
  "val_acc_std": 0.05541621262465021,
  "test_acc_mean": 0.5621621621621623,
  "test_acc_std": 0.05771393649746653,
  "val_precision_mean": 0.2814382519176382,
  "val_precision_std": 0.10098604683446519,
  "test_precision_mean": 0.21717444860827212,
  "test_precision_std": 0.10646605859218324,
  "val_recall_mean": 0.28178966235417846,
  "val_recall_std": 0.04221471121599468,
  "test_recall_mean": 0.2551203416149068,
  "test_recall_std": 0.046271050555284195,
  "val_f1_mean": 0.23761040296809738,
  "val_f1_std": 0.05411433654330464,
  "test_f1_mean": 0.20504513327751708,
  "test_f1_std": 0.041278490549171556,
  "all_params": {
    "seed": 12345,
    "model_type": "GAT",
    "num_layers": 64,
    "hidden_dim": 64,
    "heads": 8,
    "dataset": "Texas",
    "use_labels": false,
    "label_rate": 0.5,
    "num_splits": 1,
    "dropout": 0.5,
    "optimizer": "adam",
    "lr": 0.001,
    "decay": 0.0005,
    "epoch": 1000,
    "time": 1.0,
    "rewiring": null,
    "not_lcc": false,
    "split_id": null
  }
}