{
  "val_acc_mean": 0.6305084745762712,
  "val_acc_std": 0.04900621116881683,
  "test_acc_mean": 0.5864864864864865,
  "test_acc_std": 0.06514578807131864,
  "val_precision_mean": 0.35252081080805503,
  "val_precision_std": 0.10238041511292244,
  "test_precision_mean": 0.22901842359622243,
  "test_precision_std": 0.06661512920949426,
  "val_recall_mean": 0.36160068049835886,
  "val_recall_std": 0.0495586926676087,
  "test_recall_mean": 0.29282829067068195,
  "test_recall_std": 0.06170485690620362,
  "val_f1_mean": 0.3343477695918957,
  "val_f1_std": 0.061933620568353574,
  "test_f1_mean": 0.2510424921633958,
  "test_f1_std": 0.06066237123939305,
  "all_params": {
    "seed": 12345,
    "model_type": "GAT",
    "num_layers": 4,
    "hidden_dim": 64,
    "heads": 8,
    "dataset": "Texas",
    "use_labels": false,
    "label_rate": 0.5,
    "num_splits": 1,
    "dropout": 0.5,
    "optimizer": "adam",
    "lr": 0.01,
    "decay": 0.0005,
    "epoch": 1000,
    "time": 1.0,
    "rewiring": null,
    "not_lcc": false,
    "split_id": null
  }
}