{
  "val_acc_mean": 0.6,
  "val_acc_std": 0.05682391394657697,
  "test_acc_mean": 0.5675675675675675,
  "test_acc_std": 0.061631104059412856,
  "val_precision_mean": 0.317044028834802,
  "val_precision_std": 0.05648888778715433,
  "test_precision_mean": 0.18098347249853416,
  "test_precision_std": 0.05382262990859495,
  "val_recall_mean": 0.3115194799107214,
  "val_recall_std": 0.04470645378381049,
  "test_recall_mean": 0.27396174477696217,
  "test_recall_std": 0.07179970461694248,
  "val_f1_mean": 0.2794957634215648,
  "val_f1_std": 0.04983684322934869,
  "test_f1_mean": 0.21692295915005114,
  "test_f1_std": 0.060246084099469244,
  "all_params": {
    "seed": 12345,
    "model_type": "GAT",
    "num_layers": 8,
    "hidden_dim": 64,
    "heads": 8,
    "dataset": "Texas",
    "use_labels": false,
    "label_rate": 0.5,
    "num_splits": 1,
    "dropout": 0.5,
    "optimizer": "adam",
    "lr": 0.01,
    "decay": 0.0005,
    "epoch": 1000,
    "time": 1.0,
    "rewiring": null,
    "not_lcc": false,
    "split_id": null
  }
}