{
  "val_acc_mean": 0.5847457627118644,
  "val_acc_std": 0.05684918586863871,
  "test_acc_mean": 0.5837837837837838,
  "test_acc_std": 0.05432365200605887,
  "val_precision_mean": 0.2869863659195395,
  "val_precision_std": 0.08677171069384045,
  "test_precision_mean": 0.19901708745458746,
  "test_precision_std": 0.0860014940729534,
  "val_recall_mean": 0.28901121114676614,
  "val_recall_std": 0.03925797813634274,
  "test_recall_mean": 0.2679423740510697,
  "test_recall_std": 0.05500877215884908,
  "val_f1_mean": 0.24630503548194413,
  "val_f1_std": 0.05257598848409142,
  "test_f1_mean": 0.21424263818463446,
  "test_f1_std": 0.05512251448697421,
  "all_params": {
    "seed": 12345,
    "model_type": "GAT",
    "num_layers": 32,
    "hidden_dim": 64,
    "heads": 8,
    "dataset": "Texas",
    "use_labels": false,
    "label_rate": 0.5,
    "num_splits": 1,
    "dropout": 0.5,
    "optimizer": "adam",
    "lr": 0.001,
    "decay": 0.0005,
    "epoch": 1000,
    "time": 1.0,
    "rewiring": null,
    "not_lcc": false,
    "split_id": null
  }
}