{
  "val_acc_mean": 0.576271186440678,
  "val_acc_std": 0.04287834115482548,
  "test_acc_mean": 0.5702702702702702,
  "test_acc_std": 0.03513513513513513,
  "val_precision_mean": 0.26316915588473183,
  "val_precision_std": 0.0790769218311641,
  "test_precision_mean": 0.2064703203731863,
  "test_precision_std": 0.07933483417664945,
  "val_recall_mean": 0.27711566751084515,
  "val_recall_std": 0.050199849034349354,
  "test_recall_mean": 0.2571799124788255,
  "test_recall_std": 0.036303020346810815,
  "val_f1_mean": 0.23320659706260072,
  "val_f1_std": 0.047438565769277775,
  "test_f1_mean": 0.21390343449870045,
  "test_f1_std": 0.05210712220783569,
  "all_params": {
    "seed": 12345,
    "model_type": "GAT",
    "num_layers": 16,
    "hidden_dim": 64,
    "heads": 8,
    "dataset": "Texas",
    "use_labels": false,
    "label_rate": 0.5,
    "num_splits": 1,
    "dropout": 0.5,
    "optimizer": "adam",
    "lr": 0.001,
    "decay": 0.0005,
    "epoch": 1000,
    "time": 1.0,
    "rewiring": null,
    "not_lcc": false,
    "split_id": null
  }
}