{
  "val_acc_mean": 0.5762711864406779,
  "val_acc_std": 0.05518244269864306,
  "test_acc_mean": 0.591891891891892,
  "test_acc_std": 0.03715601914829061,
  "val_precision_mean": 0.20165294571063286,
  "val_precision_std": 0.06862208855898762,
  "test_precision_mean": 0.19397361993329737,
  "test_precision_std": 0.05466894886526597,
  "val_recall_mean": 0.27488863874347746,
  "val_recall_std": 0.03208537119056415,
  "test_recall_mean": 0.26071212905452035,
  "test_recall_std": 0.02435086130240323,
  "val_f1_mean": 0.22158897830428384,
  "val_f1_std": 0.04878414986513133,
  "test_f1_mean": 0.21377291676603166,
  "test_f1_std": 0.03756367226011843,
  "all_params": {
    "seed": 12345,
    "model_type": "GAT",
    "num_layers": 2,
    "hidden_dim": 64,
    "heads": 8,
    "dataset": "Texas",
    "use_labels": false,
    "label_rate": 0.5,
    "num_splits": 1,
    "dropout": 0.5,
    "optimizer": "adam",
    "lr": 0.001,
    "decay": 0.0005,
    "epoch": 1000,
    "time": 1.0,
    "rewiring": null,
    "not_lcc": false,
    "split_id": null
  }
}