{
  "val_acc_mean": 0.5084745762711864,
  "val_acc_std": 0.056722713663327144,
  "test_acc_mean": 0.42162162162162165,
  "test_acc_std": 0.04554675553068303,
  "val_precision_mean": 0.28311495018538874,
  "val_precision_std": 0.07414728403379493,
  "test_precision_mean": 0.14778729277505698,
  "test_precision_std": 0.08613013273255986,
  "val_recall_mean": 0.2580185527733915,
  "val_recall_std": 0.03765501188224934,
  "test_recall_mean": 0.2088082309847016,
  "test_recall_std": 0.018222954651654938,
  "val_f1_mean": 0.2132555142450061,
  "val_f1_std": 0.03937033456540009,
  "test_f1_mean": 0.1455244844058125,
  "test_f1_std": 0.03882583189067291,
  "all_params": {
    "seed": 12345,
    "model_type": "GAT",
    "num_layers": 16,
    "hidden_dim": 64,
    "heads": 8,
    "dataset": "Cornell",
    "use_labels": false,
    "label_rate": 0.5,
    "num_splits": 1,
    "dropout": 0.5,
    "optimizer": "adam",
    "lr": 0.005,
    "decay": 0.0005,
    "epoch": 1000,
    "time": 1.0,
    "rewiring": null,
    "not_lcc": false,
    "split_id": null
  }
}