{
  "val_acc_mean": 0.5796610169491526,
  "val_acc_std": 0.058615649036578225,
  "test_acc_mean": 0.49459459459459465,
  "test_acc_std": 0.048422899640997066,
  "val_precision_mean": 0.4435262255365677,
  "val_precision_std": 0.08738125930580848,
  "test_precision_mean": 0.33536118563089895,
  "test_precision_std": 0.055526233713857426,
  "val_recall_mean": 0.4194510629155791,
  "val_recall_std": 0.047702141242823,
  "test_recall_mean": 0.3397161661867544,
  "test_recall_std": 0.048148996677879925,
  "val_f1_mean": 0.41319560766715585,
  "val_f1_std": 0.05736095298956819,
  "test_f1_mean": 0.3166072317378382,
  "test_f1_std": 0.05199780218494044,
  "all_params": {
    "seed": 12345,
    "model_type": "GAT",
    "num_layers": 2,
    "hidden_dim": 64,
    "heads": 8,
    "dataset": "Cornell",
    "use_labels": false,
    "label_rate": 0.5,
    "num_splits": 1,
    "dropout": 0.5,
    "optimizer": "adam",
    "lr": 0.01,
    "decay": 0.0005,
    "epoch": 1000,
    "time": 1.0,
    "rewiring": null,
    "not_lcc": false,
    "split_id": null
  }
}