{
  "val_acc_mean": 0.4966101694915254,
  "val_acc_std": 0.07031345258539505,
  "test_acc_mean": 0.42162162162162165,
  "test_acc_std": 0.05694947974514993,
  "val_precision_mean": 0.24141853523931914,
  "val_precision_std": 0.04277276250851302,
  "test_precision_mean": 0.1327295591045591,
  "test_precision_std": 0.06881883869819104,
  "val_recall_mean": 0.24068096348096352,
  "val_recall_std": 0.021752820894471937,
  "test_recall_mean": 0.20604040404040402,
  "test_recall_std": 0.022533522624598182,
  "val_f1_mean": 0.19426383736066574,
  "val_f1_std": 0.03380554485609826,
  "test_f1_mean": 0.13970584605395134,
  "test_f1_std": 0.03183667381946763,
  "all_params": {
    "seed": 12345,
    "model_type": "GAT",
    "num_layers": 8,
    "hidden_dim": 64,
    "heads": 8,
    "dataset": "Cornell",
    "use_labels": false,
    "label_rate": 0.5,
    "num_splits": 1,
    "dropout": 0.5,
    "optimizer": "adam",
    "lr": 0.001,
    "decay": 0.0005,
    "epoch": 1000,
    "time": 1.0,
    "rewiring": null,
    "not_lcc": false,
    "split_id": null
  }
}