{
  "val_acc_mean": 0.49322033898305084,
  "val_acc_std": 0.07596927061361007,
  "test_acc_mean": 0.427027027027027,
  "test_acc_std": 0.04324324324324323,
  "val_precision_mean": 0.24214368801876934,
  "val_precision_std": 0.1145184633871749,
  "test_precision_mean": 0.1218777330285951,
  "test_precision_std": 0.06416137933100557,
  "val_recall_mean": 0.23865197025197027,
  "val_recall_std": 0.035626839499783236,
  "test_recall_mean": 0.202109243697479,
  "test_recall_std": 0.011019652344833871,
  "val_f1_mean": 0.1909861242583252,
  "val_f1_std": 0.05552981901635316,
  "test_f1_mean": 0.13143156105764647,
  "test_f1_std": 0.016532349524810572,
  "all_params": {
    "seed": 12345,
    "model_type": "GAT",
    "num_layers": 64,
    "hidden_dim": 64,
    "heads": 8,
    "dataset": "Cornell",
    "use_labels": false,
    "label_rate": 0.5,
    "num_splits": 1,
    "dropout": 0.5,
    "optimizer": "adam",
    "lr": 0.001,
    "decay": 0.0005,
    "epoch": 1000,
    "time": 1.0,
    "rewiring": null,
    "not_lcc": false,
    "split_id": null
  }
}