{
  "val_acc_mean": 0.49322033898305084,
  "val_acc_std": 0.07366547054949399,
  "test_acc_mean": 0.4351351351351352,
  "test_acc_std": 0.04594594594594595,
  "val_precision_mean": 0.20139543614416366,
  "val_precision_std": 0.0742412181593211,
  "test_precision_mean": 0.14271877760113055,
  "test_precision_std": 0.07250805378175908,
  "val_recall_mean": 0.23193076278560154,
  "val_recall_std": 0.030635432795744787,
  "test_recall_mean": 0.20960714285714288,
  "test_recall_std": 0.014042175095258411,
  "val_f1_mean": 0.1766488613023391,
  "val_f1_std": 0.04175942936749492,
  "test_f1_mean": 0.1392511746378586,
  "test_f1_std": 0.020361198803145023,
  "all_params": {
    "seed": 12345,
    "model_type": "GAT",
    "num_layers": 128,
    "hidden_dim": 64,
    "heads": 8,
    "dataset": "Cornell",
    "use_labels": false,
    "label_rate": 0.5,
    "num_splits": 1,
    "dropout": 0.5,
    "optimizer": "adam",
    "lr": 0.001,
    "decay": 0.0005,
    "epoch": 1000,
    "time": 1.0,
    "rewiring": null,
    "not_lcc": false,
    "split_id": null
  }
}