{
  "val_acc_mean": 0.4966101694915254,
  "val_acc_std": 0.07192913618278964,
  "test_acc_mean": 0.4594594594594595,
  "test_acc_std": 0.06043426966215648,
  "val_precision_mean": 0.20055271274548586,
  "val_precision_std": 0.07431089044559701,
  "test_precision_mean": 0.17927106437006327,
  "test_precision_std": 0.06922222064012905,
  "val_recall_mean": 0.2410647667744442,
  "val_recall_std": 0.0299592623373482,
  "test_recall_mean": 0.25256474407944995,
  "test_recall_std": 0.06104656490437353,
  "val_f1_mean": 0.1869762932233111,
  "val_f1_std": 0.045013097399114396,
  "test_f1_mean": 0.18528000618200396,
  "test_f1_std": 0.0487596267637966,
  "all_params": {
    "seed": 12345,
    "model_type": "GAT",
    "num_layers": 32,
    "hidden_dim": 64,
    "heads": 8,
    "dataset": "Cornell",
    "use_labels": false,
    "label_rate": 0.5,
    "num_splits": 1,
    "dropout": 0.5,
    "optimizer": "adam",
    "lr": 0.001,
    "decay": 0.0005,
    "epoch": 1000,
    "time": 1.0,
    "rewiring": null,
    "not_lcc": false,
    "split_id": null
  }
}