{
  "val_acc_mean": 0.5101694915254237,
  "val_acc_std": 0.06756315738303305,
  "test_acc_mean": 0.43243243243243246,
  "test_acc_std": 0.08881987419002693,
  "val_precision_mean": 0.28140655982036006,
  "val_precision_std": 0.11689934488649857,
  "test_precision_mean": 0.18263748163748167,
  "test_precision_std": 0.07985868516514574,
  "val_recall_mean": 0.2650646668743443,
  "val_recall_std": 0.044740605526248325,
  "test_recall_mean": 0.220131443719679,
  "test_recall_std": 0.036228273362631964,
  "val_f1_mean": 0.22855075938182381,
  "val_f1_std": 0.06482569325546232,
  "test_f1_mean": 0.1711066387900275,
  "test_f1_std": 0.054533098607459966,
  "all_params": {
    "seed": 12345,
    "model_type": "GAT",
    "num_layers": 4,
    "hidden_dim": 64,
    "heads": 8,
    "dataset": "Cornell",
    "use_labels": false,
    "label_rate": 0.5,
    "num_splits": 1,
    "dropout": 0.5,
    "optimizer": "adam",
    "lr": 0.005,
    "decay": 0.0005,
    "epoch": 1000,
    "time": 1.0,
    "rewiring": null,
    "not_lcc": false,
    "split_id": null
  }
}