{
  "val_acc_mean": 0.5625,
  "val_acc_std": 0.04609772228646443,
  "test_acc_mean": 0.5450980392156863,
  "test_acc_std": 0.054621130498761265,
  "val_precision_mean": 0.26664584244871964,
  "val_precision_std": 0.027383098042255038,
  "test_precision_mean": 0.2351518365689568,
  "test_precision_std": 0.015282853428337814,
  "val_recall_mean": 0.28964449811775356,
  "val_recall_std": 0.028204248011745453,
  "test_recall_mean": 0.2597261538677442,
  "test_recall_std": 0.016556627921601896,
  "val_f1_mean": 0.25707360326140943,
  "val_f1_std": 0.03266711764411501,
  "test_f1_mean": 0.22940327820546572,
  "test_f1_std": 0.022534562764140433,
  "all_params": {
    "seed": 12345,
    "model_type": "GCN",
    "num_layers": 8,
    "hidden_dim": 64,
    "heads": 8,
    "dataset": "Wisconsin",
    "use_labels": false,
    "label_rate": 0.5,
    "num_splits": 1,
    "dropout": 0.5,
    "optimizer": "adam",
    "lr": 0.01,
    "decay": 0.0005,
    "epoch": 1000,
    "time": 1.0,
    "rewiring": null,
    "not_lcc": false,
    "split_id": null
  }
}