{
  "val_acc_mean": 0.48375,
  "val_acc_std": 0.05032705534799348,
  "test_acc_mean": 0.48039215686274506,
  "test_acc_std": 0.06398889753757145,
  "val_precision_mean": 0.17537231900617076,
  "val_precision_std": 0.09177263781068551,
  "test_precision_mean": 0.11382837192848154,
  "test_precision_std": 0.032925730242290854,
  "val_recall_mean": 0.22033665458405025,
  "val_recall_std": 0.0337849821706376,
  "test_recall_mean": 0.20390312738367658,
  "test_recall_std": 0.012999757241189873,
  "val_f1_mean": 0.15465977625231903,
  "val_f1_std": 0.04267350974969481,
  "test_f1_mean": 0.14435298560979365,
  "test_f1_std": 0.0287052370944985,
  "all_params": {
    "seed": 12345,
    "model_type": "GCN",
    "num_layers": 128,
    "hidden_dim": 64,
    "heads": 8,
    "dataset": "Wisconsin",
    "use_labels": false,
    "label_rate": 0.5,
    "num_splits": 1,
    "dropout": 0.5,
    "optimizer": "adam",
    "lr": 0.01,
    "decay": 0.0005,
    "epoch": 1000,
    "time": 1.0,
    "rewiring": null,
    "not_lcc": false,
    "split_id": null
  }
}