{
  "val_acc_mean": 0.48,
  "val_acc_std": 0.04911720676097124,
  "test_acc_mean": 0.48431372549019613,
  "test_acc_std": 0.06203643929237793,
  "val_precision_mean": 0.1151026615228743,
  "val_precision_std": 0.044152728946965356,
  "test_precision_mean": 0.11426054479762919,
  "test_precision_std": 0.03263452655809803,
  "val_recall_mean": 0.2174342635318245,
  "val_recall_std": 0.0354050062955369,
  "test_recall_mean": 0.20556979405034329,
  "test_recall_std": 0.011199451243791259,
  "val_f1_mean": 0.14875209642351592,
  "val_f1_std": 0.04423280711850345,
  "test_f1_mean": 0.14509819108924574,
  "test_f1_std": 0.028169297549194863,
  "all_params": {
    "seed": 12345,
    "model_type": "GCN",
    "num_layers": 64,
    "hidden_dim": 64,
    "heads": 8,
    "dataset": "Wisconsin",
    "use_labels": false,
    "label_rate": 0.5,
    "num_splits": 1,
    "dropout": 0.5,
    "optimizer": "adam",
    "lr": 0.01,
    "decay": 0.0005,
    "epoch": 1000,
    "time": 1.0,
    "rewiring": null,
    "not_lcc": false,
    "split_id": null
  }
}