{
  "val_acc_mean": 0.49375,
  "val_acc_std": 0.039627168710368386,
  "test_acc_mean": 0.4647058823529412,
  "test_acc_std": 0.043888292716861545,
  "val_precision_mean": 0.1637380289816548,
  "val_precision_std": 0.06586906407407958,
  "test_precision_mean": 0.13232085376970287,
  "test_precision_std": 0.039853411620699164,
  "val_recall_mean": 0.2322984783163721,
  "val_recall_std": 0.035169649594974074,
  "test_recall_mean": 0.20671331256886177,
  "test_recall_std": 0.012190542599405014,
  "val_f1_mean": 0.17324473026847623,
  "val_f1_std": 0.04515463317779041,
  "test_f1_mean": 0.15638704408986648,
  "test_f1_std": 0.031004413905010818,
  "all_params": {
    "seed": 12345,
    "model_type": "GCN",
    "num_layers": 32,
    "hidden_dim": 64,
    "heads": 8,
    "dataset": "Wisconsin",
    "use_labels": false,
    "label_rate": 0.5,
    "num_splits": 1,
    "dropout": 0.5,
    "optimizer": "adam",
    "lr": 0.005,
    "decay": 0.0005,
    "epoch": 1000,
    "time": 1.0,
    "rewiring": null,
    "not_lcc": false,
    "split_id": null
  }
}