{
  "val_acc_mean": 0.545,
  "val_acc_std": 0.03758324094593228,
  "test_acc_mean": 0.523529411764706,
  "test_acc_std": 0.06326378747020266,
  "val_precision_mean": 0.2715555768377878,
  "val_precision_std": 0.05967200426322748,
  "test_precision_mean": 0.2315298814026756,
  "test_precision_std": 0.03886083771232867,
  "val_recall_mean": 0.2779065276204056,
  "val_recall_std": 0.031396802537013574,
  "test_recall_mean": 0.24409109991203812,
  "test_recall_std": 0.024867888168566592,
  "val_f1_mean": 0.24540175230979772,
  "val_f1_std": 0.03583319105990612,
  "test_f1_mean": 0.21154577950070913,
  "test_f1_std": 0.03498195110900583,
  "all_params": {
    "seed": 12345,
    "model_type": "GCN",
    "num_layers": 4,
    "hidden_dim": 64,
    "heads": 8,
    "dataset": "Wisconsin",
    "use_labels": false,
    "label_rate": 0.5,
    "num_splits": 1,
    "dropout": 0.5,
    "optimizer": "adam",
    "lr": 0.001,
    "decay": 0.0005,
    "epoch": 1000,
    "time": 1.0,
    "rewiring": null,
    "not_lcc": false,
    "split_id": null
  }
}