{
  "val_acc_mean": 0.54125,
  "val_acc_std": 0.037520827549509105,
  "test_acc_mean": 0.48235294117647065,
  "test_acc_std": 0.05275930998852435,
  "val_precision_mean": 0.36525888829727843,
  "val_precision_std": 0.1376949799585177,
  "test_precision_mean": 0.25358209420438527,
  "test_precision_std": 0.08427960675203136,
  "val_recall_mean": 0.34701129244110385,
  "val_recall_std": 0.09500279334672648,
  "test_recall_mean": 0.28308607515672735,
  "test_recall_std": 0.06697488146221406,
  "val_f1_mean": 0.33454552227280854,
  "val_f1_std": 0.10931697236786536,
  "test_f1_mean": 0.2588910222486733,
  "test_f1_std": 0.07641322072952418,
  "all_params": {
    "seed": 12345,
    "model_type": "GCN",
    "num_layers": 2,
    "hidden_dim": 64,
    "heads": 8,
    "dataset": "Wisconsin",
    "use_labels": false,
    "label_rate": 0.5,
    "num_splits": 1,
    "dropout": 0.5,
    "optimizer": "adam",
    "lr": 0.01,
    "decay": 0.0005,
    "epoch": 1000,
    "time": 1.0,
    "rewiring": null,
    "not_lcc": false,
    "split_id": null
  }
}