{
  "val_acc_mean": 0.5375,
  "val_acc_std": 0.0414578098794425,
  "test_acc_mean": 0.5333333333333333,
  "test_acc_std": 0.06893488561273312,
  "val_precision_mean": 0.2391018692943523,
  "val_precision_std": 0.026652700313417654,
  "test_precision_mean": 0.22533831303375548,
  "test_precision_std": 0.035989156268380965,
  "val_recall_mean": 0.26655283043653055,
  "val_recall_std": 0.02213707055187106,
  "test_recall_mean": 0.2514638054334851,
  "test_recall_std": 0.025440949714701726,
  "val_f1_mean": 0.22951479597094035,
  "val_f1_std": 0.024642269276734335,
  "test_f1_mean": 0.22295005971192952,
  "test_f1_std": 0.027938693236039994,
  "all_params": {
    "seed": 12345,
    "model_type": "GCN",
    "num_layers": 16,
    "hidden_dim": 64,
    "heads": 8,
    "dataset": "Wisconsin",
    "use_labels": false,
    "label_rate": 0.5,
    "num_splits": 1,
    "dropout": 0.5,
    "optimizer": "adam",
    "lr": 0.005,
    "decay": 0.0005,
    "epoch": 1000,
    "time": 1.0,
    "rewiring": null,
    "not_lcc": false,
    "split_id": null
  }
}