{
  "val_acc_mean": 0.2766826923076923,
  "val_acc_std": 0.015041336196083423,
  "test_acc_mean": 0.2628242074927954,
  "test_acc_std": 0.009054272175176308,
  "val_precision_mean": 0.2833437050808216,
  "val_precision_std": 0.01668221148820224,
  "test_precision_mean": 0.2639422439049267,
  "test_precision_std": 0.014894853430862163,
  "val_recall_mean": 0.27796823111473035,
  "val_recall_std": 0.014145717999769736,
  "test_recall_mean": 0.26297316291766687,
  "test_recall_std": 0.01031430413129341,
  "val_f1_mean": 0.25981247926474615,
  "val_f1_std": 0.018371384532523672,
  "test_f1_mean": 0.24438183929931728,
  "test_f1_std": 0.018518523015232973,
  "all_params": {
    "seed": 12345,
    "model_type": "GCN",
    "num_layers": 4,
    "hidden_dim": 64,
    "heads": 8,
    "dataset": "Squirrel",
    "use_labels": false,
    "label_rate": 0.5,
    "num_splits": 1,
    "dropout": 0.5,
    "optimizer": "adam",
    "lr": 0.001,
    "decay": 0.0005,
    "epoch": 1000,
    "time": 1.0,
    "rewiring": null,
    "not_lcc": false,
    "split_id": null
  }
}