{
  "val_acc_mean": 0.28719951923076914,
  "val_acc_std": 0.01697107298003178,
  "test_acc_mean": 0.2798270893371758,
  "test_acc_std": 0.012988208292642831,
  "val_precision_mean": 0.24120848531861805,
  "val_precision_std": 0.055610586239127,
  "test_precision_mean": 0.2100307972792117,
  "test_precision_std": 0.044634033334860795,
  "val_recall_mean": 0.28894582714257844,
  "val_recall_std": 0.01364199075499612,
  "test_recall_mean": 0.2789910601961277,
  "test_recall_std": 0.011622302694982569,
  "val_f1_mean": 0.20679175567233896,
  "val_f1_std": 0.020180941408100384,
  "test_f1_mean": 0.19653638247226246,
  "test_f1_std": 0.015677147872559336,
  "all_params": {
    "seed": 12345,
    "model_type": "GCN",
    "num_layers": 64,
    "hidden_dim": 64,
    "heads": 8,
    "dataset": "Squirrel",
    "use_labels": false,
    "label_rate": 0.5,
    "num_splits": 1,
    "dropout": 0.5,
    "optimizer": "adam",
    "lr": 0.005,
    "decay": 0.0005,
    "epoch": 1000,
    "time": 1.0,
    "rewiring": null,
    "not_lcc": false,
    "split_id": null
  }
}