{
  "val_acc_mean": 0.2737379807692307,
  "val_acc_std": 0.017447042686168153,
  "test_acc_mean": 0.26109510086455334,
  "test_acc_std": 0.023093946835368633,
  "val_precision_mean": 0.23320419541314424,
  "val_precision_std": 0.06010716773061019,
  "test_precision_mean": 0.20464973409763426,
  "test_precision_std": 0.051757854032036456,
  "val_recall_mean": 0.27463093070805117,
  "val_recall_std": 0.01808200579957902,
  "test_recall_mean": 0.2591890112641001,
  "test_recall_std": 0.021097366082152912,
  "val_f1_mean": 0.20471117344466538,
  "val_f1_std": 0.024612859388481765,
  "test_f1_mean": 0.19218202540879026,
  "test_f1_std": 0.02285285820510677,
  "all_params": {
    "seed": 12345,
    "model_type": "GCN",
    "num_layers": 8,
    "hidden_dim": 64,
    "heads": 8,
    "dataset": "Squirrel",
    "use_labels": false,
    "label_rate": 0.5,
    "num_splits": 1,
    "dropout": 0.5,
    "optimizer": "adam",
    "lr": 0.01,
    "decay": 0.0005,
    "epoch": 1000,
    "time": 1.0,
    "rewiring": null,
    "not_lcc": false,
    "split_id": null
  }
}