{
  "val_acc_mean": 0.2861778846153847,
  "val_acc_std": 0.01503076772375199,
  "test_acc_mean": 0.2780979827089337,
  "test_acc_std": 0.013374642218768119,
  "val_precision_mean": 0.2526375316214509,
  "val_precision_std": 0.042854150888672025,
  "test_precision_mean": 0.21808192045247837,
  "test_precision_std": 0.028561133188767428,
  "val_recall_mean": 0.28830997416155435,
  "val_recall_std": 0.011467223236572876,
  "test_recall_mean": 0.27703726899858777,
  "test_recall_std": 0.01111875152120643,
  "val_f1_mean": 0.21254940468862657,
  "val_f1_std": 0.015640631409574616,
  "test_f1_mean": 0.20004135270823284,
  "test_f1_std": 0.011782927670608434,
  "all_params": {
    "seed": 12345,
    "model_type": "GCN",
    "num_layers": 32,
    "hidden_dim": 64,
    "heads": 8,
    "dataset": "Squirrel",
    "use_labels": false,
    "label_rate": 0.5,
    "num_splits": 1,
    "dropout": 0.5,
    "optimizer": "adam",
    "lr": 0.005,
    "decay": 0.0005,
    "epoch": 1000,
    "time": 1.0,
    "rewiring": null,
    "not_lcc": false,
    "split_id": null
  }
}