{
  "val_acc_mean": 0.2778846153846154,
  "val_acc_std": 0.009955667495134048,
  "test_acc_mean": 0.27204610951008645,
  "test_acc_std": 0.01004566106620663,
  "val_precision_mean": 0.27842864876774887,
  "val_precision_std": 0.008241288900337554,
  "test_precision_mean": 0.27220513263393337,
  "test_precision_std": 0.009736764363660985,
  "val_recall_mean": 0.27799144565457096,
  "val_recall_std": 0.008901154502398754,
  "test_recall_mean": 0.2704687704947445,
  "test_recall_std": 0.011035154803526164,
  "val_f1_mean": 0.27279411255394226,
  "val_f1_std": 0.008416589831015906,
  "test_f1_mean": 0.266017429173026,
  "test_f1_std": 0.009816830393561743,
  "all_params": {
    "seed": 12345,
    "model_type": "GCN",
    "num_layers": 2,
    "hidden_dim": 64,
    "heads": 8,
    "dataset": "Squirrel",
    "use_labels": false,
    "label_rate": 0.5,
    "num_splits": 1,
    "dropout": 0.5,
    "optimizer": "adam",
    "lr": 0.005,
    "decay": 0.0005,
    "epoch": 1000,
    "time": 1.0,
    "rewiring": null,
    "not_lcc": false,
    "split_id": null
  }
}