{
  "val_acc_mean": 0.2865985576923077,
  "val_acc_std": 0.013255119177236265,
  "test_acc_mean": 0.2818443804034582,
  "test_acc_std": 0.016633898806465597,
  "val_precision_mean": 0.23483551225737895,
  "val_precision_std": 0.06475657719682786,
  "test_precision_mean": 0.20694061079808174,
  "test_precision_std": 0.042678520335017185,
  "val_recall_mean": 0.2891181253360504,
  "val_recall_std": 0.010075081311314602,
  "test_recall_mean": 0.28005423733384577,
  "test_recall_std": 0.014208408188827357,
  "val_f1_mean": 0.20779660335803252,
  "val_f1_std": 0.02037636734783002,
  "test_f1_mean": 0.1988936289189261,
  "test_f1_std": 0.018557850181692183,
  "all_params": {
    "seed": 12345,
    "model_type": "GCN",
    "num_layers": 128,
    "hidden_dim": 64,
    "heads": 8,
    "dataset": "Squirrel",
    "use_labels": false,
    "label_rate": 0.5,
    "num_splits": 1,
    "dropout": 0.5,
    "optimizer": "adam",
    "lr": 0.01,
    "decay": 0.0005,
    "epoch": 1000,
    "time": 1.0,
    "rewiring": null,
    "not_lcc": false,
    "split_id": null
  }
}