{
  "val_acc_mean": 0.2828725961538462,
  "val_acc_std": 0.015895517894565902,
  "test_acc_mean": 0.2794428434197887,
  "test_acc_std": 0.015288268186037535,
  "val_precision_mean": 0.2685924456626313,
  "val_precision_std": 0.04844835747823528,
  "test_precision_mean": 0.2305213817644563,
  "test_precision_std": 0.04176096775244741,
  "val_recall_mean": 0.28519091752341064,
  "val_recall_std": 0.012610771373196996,
  "test_recall_mean": 0.2789078246575945,
  "test_recall_std": 0.012359342957988517,
  "val_f1_mean": 0.21068807904269446,
  "val_f1_std": 0.01471094740425392,
  "test_f1_mean": 0.20382222775042055,
  "test_f1_std": 0.014692885072874088,
  "all_params": {
    "seed": 12345,
    "model_type": "GCN",
    "num_layers": 16,
    "hidden_dim": 64,
    "heads": 8,
    "dataset": "Squirrel",
    "use_labels": false,
    "label_rate": 0.5,
    "num_splits": 1,
    "dropout": 0.5,
    "optimizer": "adam",
    "lr": 0.01,
    "decay": 0.0005,
    "epoch": 1000,
    "time": 1.0,
    "rewiring": null,
    "not_lcc": false,
    "split_id": null
  }
}