{
  "val_acc_mean": 0.7367017223616614,
  "val_acc_std": 0.012850096187617741,
  "test_acc_mean": 0.7150596351068049,
  "test_acc_std": 0.01798688357412337,
  "val_precision_mean": 0.6974326178793369,
  "val_precision_std": 0.032771332150891015,
  "test_precision_mean": 0.6685020083719626,
  "test_precision_std": 0.028621947619649132,
  "val_recall_mean": 0.6909387266311742,
  "val_recall_std": 0.017573743698661198,
  "test_recall_mean": 0.664432437895061,
  "test_recall_std": 0.020985640093017545,
  "val_f1_mean": 0.6901771206481623,
  "val_f1_std": 0.023601081905122404,
  "test_f1_mean": 0.6616922060640584,
  "test_f1_std": 0.02489231208505748,
  "all_params": {
    "seed": 12345,
    "model_type": "GCN",
    "num_layers": 8,
    "hidden_dim": 64,
    "heads": 8,
    "dataset": "Citeseer",
    "use_labels": false,
    "label_rate": 0.5,
    "num_splits": 1,
    "dropout": 0.5,
    "optimizer": "adam",
    "lr": 0.001,
    "decay": 0.0005,
    "epoch": 1000,
    "time": 1.0,
    "rewiring": null,
    "not_lcc": false,
    "split_id": null
  }
}