{
  "val_acc_mean": 0.25518969487025245,
  "val_acc_std": 0.01861069360941637,
  "test_acc_mean": 0.24500254971953087,
  "test_acc_std": 0.02187639110370363,
  "val_precision_mean": 0.11195955821957967,
  "val_precision_std": 0.039505737073149194,
  "test_precision_mean": 0.09590548537189703,
  "test_precision_std": 0.024108938437212613,
  "val_recall_mean": 0.20345718008988728,
  "val_recall_std": 0.014062640241197912,
  "test_recall_mean": 0.19747109975743074,
  "test_recall_std": 0.01497941476497325,
  "val_f1_mean": 0.11998864942663656,
  "val_f1_std": 0.011755355224434123,
  "test_f1_mean": 0.11487730677178935,
  "test_f1_std": 0.014137463928132709,
  "all_params": {
    "seed": 12345,
    "model_type": "GCN",
    "num_layers": 64,
    "hidden_dim": 64,
    "heads": 8,
    "dataset": "Citeseer",
    "use_labels": false,
    "label_rate": 0.5,
    "num_splits": 1,
    "dropout": 0.5,
    "optimizer": "adam",
    "lr": 0.01,
    "decay": 0.0005,
    "epoch": 1000,
    "time": 1.0,
    "rewiring": null,
    "not_lcc": false,
    "split_id": null
  }
}