{
  "val_acc_mean": 0.25797119486679526,
  "val_acc_std": 0.023412701004910764,
  "test_acc_mean": 0.24710465182163296,
  "test_acc_std": 0.0217646698113582,
  "val_precision_mean": 0.12107701166884459,
  "val_precision_std": 0.04013216944261315,
  "test_precision_mean": 0.10360919157399873,
  "test_precision_std": 0.02818432854509649,
  "val_recall_mean": 0.20581407583207995,
  "val_recall_std": 0.01330592168921095,
  "test_recall_mean": 0.19498890435720412,
  "test_recall_std": 0.012236992209772996,
  "val_f1_mean": 0.12236031183675027,
  "val_f1_std": 0.01742686905918129,
  "test_f1_mean": 0.11382398976761132,
  "test_f1_std": 0.013388110895680998,
  "all_params": {
    "seed": 12345,
    "model_type": "GCN",
    "num_layers": 128,
    "hidden_dim": 64,
    "heads": 8,
    "dataset": "Citeseer",
    "use_labels": false,
    "label_rate": 0.5,
    "num_splits": 1,
    "dropout": 0.5,
    "optimizer": "adam",
    "lr": 0.01,
    "decay": 0.0005,
    "epoch": 1000,
    "time": 1.0,
    "rewiring": null,
    "not_lcc": false,
    "split_id": null
  }
}