{
  "val_acc_mean": 0.7691378511619545,
  "val_acc_std": 0.011305140453543363,
  "test_acc_mean": 0.7619893478384043,
  "test_acc_std": 0.01651483806024932,
  "val_precision_mean": 0.7498242569282887,
  "val_precision_std": 0.01979160949175326,
  "test_precision_mean": 0.7492715890365369,
  "test_precision_std": 0.023255038138522317,
  "val_recall_mean": 0.7165088161069673,
  "val_recall_std": 0.017677169346287328,
  "test_recall_mean": 0.7037263320711085,
  "test_recall_std": 0.017246828330991504,
  "val_f1_mean": 0.7185749119383511,
  "val_f1_std": 0.02139529253673434,
  "test_f1_mean": 0.7026003481184345,
  "test_f1_std": 0.020205533344960266,
  "all_params": {
    "seed": 12345,
    "model_type": "GCN",
    "num_layers": 2,
    "hidden_dim": 64,
    "heads": 8,
    "dataset": "Citeseer",
    "use_labels": false,
    "label_rate": 0.5,
    "num_splits": 1,
    "dropout": 0.5,
    "optimizer": "adam",
    "lr": 0.001,
    "decay": 0.0005,
    "epoch": 1000,
    "time": 1.0,
    "rewiring": null,
    "not_lcc": false,
    "split_id": null
  }
}