{
  "val_acc_mean": 0.7625670172236167,
  "val_acc_std": 0.013032925334211052,
  "test_acc_mean": 0.7529385517593065,
  "test_acc_std": 0.01333689478248072,
  "val_precision_mean": 0.7486831450799161,
  "val_precision_std": 0.023493374252477512,
  "test_precision_mean": 0.7330150439625245,
  "test_precision_std": 0.025075682270875605,
  "val_recall_mean": 0.7080483447273132,
  "val_recall_std": 0.014930494186571254,
  "test_recall_mean": 0.6955002735430911,
  "test_recall_std": 0.017626680768270193,
  "val_f1_mean": 0.7080877404958127,
  "val_f1_std": 0.02013933666000356,
  "test_f1_mean": 0.6927699772117044,
  "test_f1_std": 0.02050037074305082,
  "all_params": {
    "seed": 12345,
    "model_type": "GCN",
    "num_layers": 4,
    "hidden_dim": 64,
    "heads": 8,
    "dataset": "Citeseer",
    "use_labels": false,
    "label_rate": 0.5,
    "num_splits": 1,
    "dropout": 0.5,
    "optimizer": "adam",
    "lr": 0.001,
    "decay": 0.0005,
    "epoch": 1000,
    "time": 1.0,
    "rewiring": null,
    "not_lcc": false,
    "split_id": null
  }
}