{
  "val_acc_mean": 0.261119293078056,
  "val_acc_std": 0.025445997742584655,
  "test_acc_mean": 0.2504284945322681,
  "test_acc_std": 0.01881682031885249,
  "val_precision_mean": 0.10527099611894823,
  "val_precision_std": 0.030177148661238818,
  "test_precision_mean": 0.0968281283177083,
  "test_precision_std": 0.026024927897862385,
  "val_recall_mean": 0.2108644995955995,
  "val_recall_std": 0.01666650791340239,
  "test_recall_mean": 0.2007965382327157,
  "test_recall_std": 0.010429658015264067,
  "val_f1_mean": 0.12408147824821265,
  "val_f1_std": 0.012426945810099007,
  "test_f1_mean": 0.11716354112747254,
  "test_f1_std": 0.008774715375359926,
  "all_params": {
    "seed": 12345,
    "model_type": "GCN",
    "num_layers": 32,
    "hidden_dim": 64,
    "heads": 8,
    "dataset": "Citeseer",
    "use_labels": false,
    "label_rate": 0.5,
    "num_splits": 1,
    "dropout": 0.5,
    "optimizer": "adam",
    "lr": 0.01,
    "decay": 0.0005,
    "epoch": 1000,
    "time": 1.0,
    "rewiring": null,
    "not_lcc": false,
    "split_id": null
  }
}