{
  "val_acc_mean": 0.7183275598608836,
  "val_acc_std": 0.011946270713117423,
  "test_acc_mean": 0.6995948778967647,
  "test_acc_std": 0.020353644684297185,
  "val_precision_mean": 0.668814304781178,
  "val_precision_std": 0.02898472540059446,
  "test_precision_mean": 0.6498041890340926,
  "test_precision_std": 0.02648921496696363,
  "val_recall_mean": 0.6698386728137027,
  "val_recall_std": 0.015548260486212242,
  "test_recall_mean": 0.6520131396091561,
  "test_recall_std": 0.016129299046882845,
  "val_f1_mean": 0.6661257173571297,
  "val_f1_std": 0.022465190634669677,
  "test_f1_mean": 0.6470186330323762,
  "test_f1_std": 0.020721866722308212,
  "all_params": {
    "seed": 12345,
    "model_type": "GCN",
    "num_layers": 16,
    "hidden_dim": 64,
    "heads": 8,
    "dataset": "Citeseer",
    "use_labels": false,
    "label_rate": 0.5,
    "num_splits": 1,
    "dropout": 0.5,
    "optimizer": "adam",
    "lr": 0.001,
    "decay": 0.0005,
    "epoch": 1000,
    "time": 1.0,
    "rewiring": null,
    "not_lcc": false,
    "split_id": null
  }
}