{
  "val_acc_mean": 0.31400240384615385,
  "val_acc_std": 0.014373537719875698,
  "test_acc_mean": 0.30249759846301627,
  "test_acc_std": 0.015444403652832943,
  "val_precision_mean": 0.31337087903283634,
  "val_precision_std": 0.014091412226679631,
  "test_precision_mean": 0.3019457533283826,
  "test_precision_std": 0.014591065946054438,
  "val_recall_mean": 0.31428919329916954,
  "val_recall_std": 0.014160393808446312,
  "test_recall_mean": 0.30160657040264266,
  "test_recall_std": 0.014384258030617988,
  "val_f1_mean": 0.31090352378245145,
  "val_f1_std": 0.014454310189032132,
  "test_f1_mean": 0.2989473466528214,
  "test_f1_std": 0.014412205694196155,
  "all_params": {
    "seed": 12345,
    "model_type": "GAT",
    "num_layers": 2,
    "hidden_dim": 64,
    "heads": 8,
    "dataset": "Squirrel",
    "use_labels": false,
    "label_rate": 0.5,
    "num_splits": 1,
    "dropout": 0.5,
    "optimizer": "adam",
    "lr": 0.01,
    "decay": 0.0005,
    "epoch": 1000,
    "time": 1.0,
    "rewiring": null,
    "not_lcc": false,
    "split_id": null
  }
}