{
  "val_acc_mean": 0.23635817307692308,
  "val_acc_std": 0.01621939414814605,
  "test_acc_mean": 0.21498559077809798,
  "test_acc_std": 0.018586344808375944,
  "val_precision_mean": 0.18570008391589496,
  "val_precision_std": 0.03894756271817887,
  "test_precision_mean": 0.1737794948671297,
  "test_precision_std": 0.04088623765287789,
  "val_recall_mean": 0.23290283897157843,
  "val_recall_std": 0.015128364830109028,
  "test_recall_mean": 0.22130565645289665,
  "test_recall_std": 0.015791743366607543,
  "val_f1_mean": 0.16813502178761425,
  "val_f1_std": 0.01203384112027179,
  "test_f1_mean": 0.1567111258222214,
  "test_f1_std": 0.017371062694973002,
  "all_params": {
    "seed": 12345,
    "model_type": "GAT",
    "num_layers": 16,
    "hidden_dim": 64,
    "heads": 8,
    "dataset": "Squirrel",
    "use_labels": false,
    "label_rate": 0.5,
    "num_splits": 1,
    "dropout": 0.5,
    "optimizer": "adam",
    "lr": 0.001,
    "decay": 0.0005,
    "epoch": 1000,
    "time": 1.0,
    "rewiring": null,
    "not_lcc": false,
    "split_id": null
  }
}