{
  "val_acc_mean": 0.23263221153846153,
  "val_acc_std": 0.014972145959481774,
  "test_acc_mean": 0.22411143131604225,
  "test_acc_std": 0.023818791997716835,
  "val_precision_mean": 0.2087760406628075,
  "val_precision_std": 0.0689571342615411,
  "test_precision_mean": 0.17298598002462637,
  "test_precision_std": 0.0494392170826897,
  "val_recall_mean": 0.22975204682147496,
  "val_recall_std": 0.015553409866100683,
  "test_recall_mean": 0.2201873467705385,
  "test_recall_std": 0.02100015046208062,
  "val_f1_mean": 0.15838143782051894,
  "val_f1_std": 0.034294584297870995,
  "test_f1_mean": 0.14882597706959816,
  "test_f1_std": 0.03382822165528461,
  "all_params": {
    "seed": 12345,
    "model_type": "GAT",
    "num_layers": 32,
    "hidden_dim": 64,
    "heads": 8,
    "dataset": "Squirrel",
    "use_labels": false,
    "label_rate": 0.5,
    "num_splits": 1,
    "dropout": 0.5,
    "optimizer": "adam",
    "lr": 0.001,
    "decay": 0.0005,
    "epoch": 1000,
    "time": 1.0,
    "rewiring": null,
    "not_lcc": false,
    "split_id": null
  }
}