{
  "val_acc_mean": 0.24056490384615387,
  "val_acc_std": 0.01310881579135024,
  "test_acc_mean": 0.2461095100864553,
  "test_acc_std": 0.020678000456597446,
  "val_precision_mean": 0.2542693746847787,
  "val_precision_std": 0.05737994655880002,
  "test_precision_mean": 0.23364933453408437,
  "test_precision_std": 0.034449683878910294,
  "val_recall_mean": 0.2417921620482443,
  "val_recall_std": 0.012954930166350364,
  "test_recall_mean": 0.23917251348161517,
  "test_recall_std": 0.015050493388979187,
  "val_f1_mean": 0.16178253782436297,
  "val_f1_std": 0.023990754583401865,
  "test_f1_mean": 0.16002291552952114,
  "test_f1_std": 0.03042483375891063,
  "all_params": {
    "seed": 12345,
    "model_type": "GAT",
    "num_layers": 8,
    "hidden_dim": 64,
    "heads": 8,
    "dataset": "Squirrel",
    "use_labels": false,
    "label_rate": 0.5,
    "num_splits": 1,
    "dropout": 0.5,
    "optimizer": "adam",
    "lr": 0.001,
    "decay": 0.0005,
    "epoch": 1000,
    "time": 1.0,
    "rewiring": null,
    "not_lcc": false,
    "split_id": null
  }
}