{
  "val_acc_mean": 0.30919471153846156,
  "val_acc_std": 0.012160379141590677,
  "test_acc_mean": 0.29346781940441885,
  "test_acc_std": 0.013173037840519734,
  "val_precision_mean": 0.3117537028485421,
  "val_precision_std": 0.013672969869535576,
  "test_precision_mean": 0.2938605757348003,
  "test_precision_std": 0.012723901596163626,
  "val_recall_mean": 0.3091299164441593,
  "val_recall_std": 0.010001495885976425,
  "test_recall_mean": 0.29172559752853655,
  "test_recall_std": 0.013749734051694615,
  "val_f1_mean": 0.2966599595679147,
  "val_f1_std": 0.01415135554093294,
  "test_f1_mean": 0.2801254663127939,
  "test_f1_std": 0.0169990011802908,
  "all_params": {
    "seed": 12345,
    "model_type": "GAT",
    "num_layers": 4,
    "hidden_dim": 64,
    "heads": 8,
    "dataset": "Squirrel",
    "use_labels": false,
    "label_rate": 0.5,
    "num_splits": 1,
    "dropout": 0.5,
    "optimizer": "adam",
    "lr": 0.01,
    "decay": 0.0005,
    "epoch": 1000,
    "time": 1.0,
    "rewiring": null,
    "not_lcc": false,
    "split_id": null
  }
}