{
  "val_acc_mean": 0.383676268861454,
  "val_acc_std": 0.018414584117418153,
  "test_acc_mean": 0.3587719298245614,
  "test_acc_std": 0.03126365506525744,
  "val_precision_mean": 0.3315023070840238,
  "val_precision_std": 0.04705697987814921,
  "test_precision_mean": 0.315266346352902,
  "test_precision_std": 0.0556428996736526,
  "val_recall_mean": 0.37415110134711493,
  "val_recall_std": 0.011411107751427193,
  "test_recall_mean": 0.3586609322284924,
  "test_recall_std": 0.023772287257982933,
  "val_f1_mean": 0.32122614542134953,
  "val_f1_std": 0.02987509324124903,
  "test_f1_mean": 0.30061060899559455,
  "test_f1_std": 0.03324302711946663,
  "all_params": {
    "seed": 12345,
    "model_type": "GCN",
    "num_layers": 4,
    "hidden_dim": 64,
    "heads": 8,
    "dataset": "Chameleon",
    "use_labels": false,
    "label_rate": 0.5,
    "num_splits": 1,
    "dropout": 0.5,
    "optimizer": "adam",
    "lr": 0.001,
    "decay": 0.0005,
    "epoch": 1000,
    "time": 1.0,
    "rewiring": null,
    "not_lcc": false,
    "split_id": null
  }
}