{
  "val_acc_mean": 0.27791495198902605,
  "val_acc_std": 0.007341063462419569,
  "test_acc_mean": 0.25701754385964914,
  "test_acc_std": 0.013475694294506332,
  "val_precision_mean": 0.20545394618662124,
  "val_precision_std": 0.056140292760799675,
  "test_precision_mean": 0.1953936911141185,
  "test_precision_std": 0.06357592147068104,
  "val_recall_mean": 0.24963632828750018,
  "val_recall_std": 0.009649434883993396,
  "test_recall_mean": 0.2363844990808654,
  "test_recall_std": 0.011795210261184977,
  "val_f1_mean": 0.180182132363683,
  "val_f1_std": 0.018274011625622286,
  "test_f1_mean": 0.16345546527280316,
  "test_f1_std": 0.011780647057631771,
  "all_params": {
    "seed": 12345,
    "model_type": "GCN",
    "num_layers": 64,
    "hidden_dim": 64,
    "heads": 8,
    "dataset": "Chameleon",
    "use_labels": false,
    "label_rate": 0.5,
    "num_splits": 1,
    "dropout": 0.5,
    "optimizer": "adam",
    "lr": 0.005,
    "decay": 0.0005,
    "epoch": 1000,
    "time": 1.0,
    "rewiring": null,
    "not_lcc": false,
    "split_id": null
  }
}