{
  "val_acc_mean": 0.3853223593964335,
  "val_acc_std": 0.015836939427896178,
  "test_acc_mean": 0.3820175438596491,
  "test_acc_std": 0.028990531350282005,
  "val_precision_mean": 0.39587341023665373,
  "val_precision_std": 0.042066752772717576,
  "test_precision_mean": 0.39079294014776644,
  "test_precision_std": 0.03300498655145724,
  "val_recall_mean": 0.37969141881231333,
  "val_recall_std": 0.017462583111630015,
  "test_recall_mean": 0.38348585747916475,
  "test_recall_std": 0.030219669038772382,
  "val_f1_mean": 0.3531071780571636,
  "val_f1_std": 0.015694478381742257,
  "test_f1_mean": 0.3528883576861555,
  "test_f1_std": 0.029797737113511042,
  "all_params": {
    "seed": 12345,
    "model_type": "GCN",
    "num_layers": 2,
    "hidden_dim": 64,
    "heads": 8,
    "dataset": "Chameleon",
    "use_labels": false,
    "label_rate": 0.5,
    "num_splits": 1,
    "dropout": 0.5,
    "optimizer": "adam",
    "lr": 0.01,
    "decay": 0.0005,
    "epoch": 1000,
    "time": 1.0,
    "rewiring": null,
    "not_lcc": false,
    "split_id": null
  }
}