{
  "val_acc_mean": 0.3012345679012346,
  "val_acc_std": 0.021923855170378103,
  "test_acc_mean": 0.28355263157894733,
  "test_acc_std": 0.029471758761251056,
  "val_precision_mean": 0.33468910339747626,
  "val_precision_std": 0.07911277611934753,
  "test_precision_mean": 0.2949802331435219,
  "test_precision_std": 0.07642724010012673,
  "val_recall_mean": 0.2983450374460761,
  "val_recall_std": 0.018747963846454663,
  "test_recall_mean": 0.2777259967429404,
  "test_recall_std": 0.030066279005197434,
  "val_f1_mean": 0.2497912932869141,
  "val_f1_std": 0.02914024046735439,
  "test_f1_mean": 0.23064331178328218,
  "test_f1_std": 0.041382885368577156,
  "all_params": {
    "seed": 12345,
    "model_type": "GCN",
    "num_layers": 16,
    "hidden_dim": 64,
    "heads": 8,
    "dataset": "Chameleon",
    "use_labels": false,
    "label_rate": 0.5,
    "num_splits": 1,
    "dropout": 0.5,
    "optimizer": "adam",
    "lr": 0.01,
    "decay": 0.0005,
    "epoch": 1000,
    "time": 1.0,
    "rewiring": null,
    "not_lcc": false,
    "split_id": null
  }
}