{
  "val_acc_mean": 0.2924554183813443,
  "val_acc_std": 0.02323716562728088,
  "test_acc_mean": 0.2787280701754386,
  "test_acc_std": 0.03810303073328768,
  "val_precision_mean": 0.2728542002745663,
  "val_precision_std": 0.04367536029336544,
  "test_precision_mean": 0.25926114238870146,
  "test_precision_std": 0.055722440587534866,
  "val_recall_mean": 0.2815544888152358,
  "val_recall_std": 0.026556763249685107,
  "test_recall_mean": 0.26552854603484033,
  "test_recall_std": 0.03729329447381393,
  "val_f1_mean": 0.231973334264721,
  "val_f1_std": 0.043295537805904255,
  "test_f1_mean": 0.21618157282103234,
  "test_f1_std": 0.05145751006891596,
  "all_params": {
    "seed": 12345,
    "model_type": "GCN",
    "num_layers": 32,
    "hidden_dim": 64,
    "heads": 8,
    "dataset": "Chameleon",
    "use_labels": false,
    "label_rate": 0.5,
    "num_splits": 1,
    "dropout": 0.5,
    "optimizer": "adam",
    "lr": 0.005,
    "decay": 0.0005,
    "epoch": 1000,
    "time": 1.0,
    "rewiring": null,
    "not_lcc": false,
    "split_id": null
  }
}