{
  "val_acc_mean": 0.3224965706447188,
  "val_acc_std": 0.027513262406930264,
  "test_acc_mean": 0.31030701754385964,
  "test_acc_std": 0.022304906385738933,
  "val_precision_mean": 0.21513130179043957,
  "val_precision_std": 0.07313215339708455,
  "test_precision_mean": 0.22363997073353908,
  "test_precision_std": 0.07171506485032655,
  "val_recall_mean": 0.3061850953237538,
  "val_recall_std": 0.019743543560781406,
  "test_recall_mean": 0.30293416525470435,
  "test_recall_std": 0.011398685707436964,
  "val_f1_mean": 0.2257320048330375,
  "val_f1_std": 0.03320886858017101,
  "test_f1_mean": 0.22506108734162206,
  "test_f1_std": 0.03240450641746722,
  "all_params": {
    "seed": 12345,
    "model_type": "GCN",
    "num_layers": 8,
    "hidden_dim": 64,
    "heads": 8,
    "dataset": "Chameleon",
    "use_labels": false,
    "label_rate": 0.5,
    "num_splits": 1,
    "dropout": 0.5,
    "optimizer": "adam",
    "lr": 0.001,
    "decay": 0.0005,
    "epoch": 1000,
    "time": 1.0,
    "rewiring": null,
    "not_lcc": false,
    "split_id": null
  }
}