{
  "val_acc_mean": 0.2776406035665295,
  "val_acc_std": 0.007106630368718038,
  "test_acc_mean": 0.25416666666666665,
  "test_acc_std": 0.010673766248805224,
  "val_precision_mean": 0.21333350360908998,
  "val_precision_std": 0.051800756167750185,
  "test_precision_mean": 0.19679650802175322,
  "test_precision_std": 0.06269330969050507,
  "val_recall_mean": 0.24966982033756438,
  "val_recall_std": 0.010482666734341894,
  "test_recall_mean": 0.23463634613987022,
  "test_recall_std": 0.012189563982312909,
  "val_f1_mean": 0.181878808626513,
  "val_f1_std": 0.01938031989234377,
  "test_f1_mean": 0.16478145943646094,
  "test_f1_std": 0.017667148199949818,
  "all_params": {
    "seed": 12345,
    "model_type": "GCN",
    "num_layers": 128,
    "hidden_dim": 64,
    "heads": 8,
    "dataset": "Chameleon",
    "use_labels": false,
    "label_rate": 0.5,
    "num_splits": 1,
    "dropout": 0.5,
    "optimizer": "adam",
    "lr": 0.005,
    "decay": 0.0005,
    "epoch": 1000,
    "time": 1.0,
    "rewiring": null,
    "not_lcc": false,
    "split_id": null
  }
}