{
  "val_acc_mean": 0.8697236180904524,
  "val_acc_std": 0.009283741098915754,
  "test_acc_mean": 0.8458752515090543,
  "test_acc_std": 0.010805409724022188,
  "val_precision_mean": 0.8647723691789923,
  "val_precision_std": 0.01309249664727362,
  "test_precision_mean": 0.8428109210208206,
  "test_precision_std": 0.013975991270039286,
  "val_recall_mean": 0.854096404599151,
  "val_recall_std": 0.014849781691249729,
  "test_recall_mean": 0.8338359461028345,
  "test_recall_std": 0.016762745549963282,
  "val_f1_mean": 0.8575298808622638,
  "val_f1_std": 0.012375763085272337,
  "test_f1_mean": 0.8354789046554612,
  "test_f1_std": 0.013457483478827623,
  "all_params": {
    "seed": 12345,
    "model_type": "GAT",
    "num_layers": 16,
    "hidden_dim": 64,
    "heads": 8,
    "dataset": "Cora",
    "use_labels": false,
    "label_rate": 0.5,
    "num_splits": 1,
    "dropout": 0.5,
    "optimizer": "adam",
    "lr": 0.001,
    "decay": 0.0005,
    "epoch": 1000,
    "time": 1.0,
    "rewiring": null,
    "not_lcc": false,
    "split_id": null
  }
}