{
  "val_acc_mean": 0.875251256281407,
  "val_acc_std": 0.011678012474482037,
  "test_acc_mean": 0.8557344064386317,
  "test_acc_std": 0.01217428531783166,
  "val_precision_mean": 0.8653088480351849,
  "val_precision_std": 0.016513863795228824,
  "test_precision_mean": 0.8445977388617212,
  "test_precision_std": 0.018081875678947867,
  "val_recall_mean": 0.8636699277045418,
  "val_recall_std": 0.015252863997187432,
  "test_recall_mean": 0.8459400087914032,
  "test_recall_std": 0.018204333893626825,
  "val_f1_mean": 0.8630547933650998,
  "val_f1_std": 0.015475070944181492,
  "test_f1_mean": 0.8432666598504914,
  "test_f1_std": 0.016712997332714336,
  "all_params": {
    "seed": 12345,
    "model_type": "GAT",
    "num_layers": 4,
    "hidden_dim": 64,
    "heads": 8,
    "dataset": "Cora",
    "use_labels": false,
    "label_rate": 0.5,
    "num_splits": 1,
    "dropout": 0.5,
    "optimizer": "adam",
    "lr": 0.001,
    "decay": 0.0005,
    "epoch": 1000,
    "time": 1.0,
    "rewiring": null,
    "not_lcc": false,
    "split_id": null
  }
}