{
  "val_acc_mean": 0.878391959798995,
  "val_acc_std": 0.009744080115409719,
  "test_acc_mean": 0.8665995975855131,
  "test_acc_std": 0.011802824447535172,
  "val_precision_mean": 0.8731012826255327,
  "val_precision_std": 0.014196860687438409,
  "test_precision_mean": 0.8618297129825884,
  "test_precision_std": 0.010147291766450175,
  "val_recall_mean": 0.8599135370496516,
  "val_recall_std": 0.01048957838091622,
  "test_recall_mean": 0.8519127673712017,
  "test_recall_std": 0.018284736567802738,
  "val_f1_mean": 0.8648522065697151,
  "val_f1_std": 0.011850439563417112,
  "test_f1_mean": 0.8550337787560898,
  "test_f1_std": 0.014422548426042642,
  "all_params": {
    "seed": 12345,
    "model_type": "GAT",
    "num_layers": 2,
    "hidden_dim": 64,
    "heads": 8,
    "dataset": "Cora",
    "use_labels": false,
    "label_rate": 0.5,
    "num_splits": 1,
    "dropout": 0.5,
    "optimizer": "adam",
    "lr": 0.001,
    "decay": 0.0005,
    "epoch": 1000,
    "time": 1.0,
    "rewiring": null,
    "not_lcc": false,
    "split_id": null
  }
}