{
  "val_acc_mean": 0.30967336683417085,
  "val_acc_std": 0.05946936831286442,
  "test_acc_mean": 0.3016096579476861,
  "test_acc_std": 0.05700560215569362,
  "val_precision_mean": 0.09313553121778008,
  "val_precision_std": 0.05324597434493329,
  "test_precision_mean": 0.07617632498414319,
  "test_precision_std": 0.04803291997522051,
  "val_recall_mean": 0.17375494135230984,
  "val_recall_std": 0.04356256314001658,
  "test_recall_mean": 0.17105309548192077,
  "test_recall_std": 0.03852250829367586,
  "val_f1_mean": 0.09759705976339675,
  "val_f1_std": 0.044457708603510684,
  "test_f1_mean": 0.0954773363559676,
  "test_f1_std": 0.042212887194904854,
  "all_params": {
    "seed": 12345,
    "model_type": "GAT",
    "num_layers": 32,
    "hidden_dim": 64,
    "heads": 8,
    "dataset": "Cora",
    "use_labels": false,
    "label_rate": 0.5,
    "num_splits": 1,
    "dropout": 0.5,
    "optimizer": "adam",
    "lr": 0.001,
    "decay": 0.0005,
    "epoch": 1000,
    "time": 1.0,
    "rewiring": null,
    "not_lcc": false,
    "split_id": null
  }
}