{
  "val_acc_mean": 0.8697236180904524,
  "val_acc_std": 0.009502172410729,
  "test_acc_mean": 0.8466800804828972,
  "test_acc_std": 0.012971236588560317,
  "val_precision_mean": 0.8589826017634902,
  "val_precision_std": 0.015617689259309328,
  "test_precision_mean": 0.8366800447786238,
  "test_precision_std": 0.01519910861073357,
  "val_recall_mean": 0.8587912675179213,
  "val_recall_std": 0.010489361643306864,
  "test_recall_mean": 0.8362531717447584,
  "test_recall_std": 0.018743286285351917,
  "val_f1_mean": 0.8567696496292454,
  "val_f1_std": 0.012198201923642508,
  "test_f1_mean": 0.8331536956185144,
  "test_f1_std": 0.016918258639945352,
  "all_params": {
    "seed": 12345,
    "model_type": "GAT",
    "num_layers": 8,
    "hidden_dim": 64,
    "heads": 8,
    "dataset": "Cora",
    "use_labels": false,
    "label_rate": 0.5,
    "num_splits": 1,
    "dropout": 0.5,
    "optimizer": "adam",
    "lr": 0.001,
    "decay": 0.0005,
    "epoch": 1000,
    "time": 1.0,
    "rewiring": null,
    "not_lcc": false,
    "split_id": null
  }
}